Index,Label
1,COHERENT
2,COHERENT
3,COHERENT
5,COHERENT
7,COHERENT
8,COHERENT
9,COHERENT
10,COHERENT
11,COHERENT
12,COHERENT
13,COHERENT
14,COHERENT
15,COHERENT
16,COHERENT
17,COHERENT
18,COHERENT
19,COHERENT
20,COHERENT
22,COHERENT
23,COHERENT
24,COHERENT
26,COHERENT
28,COHERENT
29,COHERENT
30,COHERENT
31,COHERENT
32,COHERENT
33,COHERENT
34,COHERENT
37,NOT_COHERENT
38,NOT_COHERENT
39,NOT_COHERENT
40,NOT_COHERENT
41,NOT_COHERENT
44,COHERENT
54,COHERENT
57,COHERENT
58,COHERENT
59,COHERENT
60,COHERENT
61,NOT_COHERENT
62,COHERENT
65,NOT_COHERENT
67,COHERENT
68,COHERENT
69,COHERENT
74,COHERENT
75,COHERENT
76,COHERENT
78,COHERENT
79,COHERENT
80,COHERENT
81,COHERENT
82,COHERENT
83,COHERENT
84,COHERENT
85,COHERENT
86,NOT_COHERENT
88,NOT_COHERENT
89,NOT_COHERENT
90,COHERENT
91,COHERENT
93,COHERENT
94,NOT_COHERENT
95,NOT_COHERENT
96,COHERENT
97,NOT_COHERENT
98,COHERENT
99,COHERENT
100,COHERENT
101,COHERENT
102,COHERENT
103,COHERENT
104,COHERENT
105,COHERENT
106,COHERENT
107,COHERENT
108,COHERENT
109,COHERENT
110,COHERENT
111,COHERENT
112,COHERENT
113,COHERENT
115,COHERENT
116,COHERENT
117,COHERENT
118,COHERENT
120,COHERENT
121,COHERENT
122,COHERENT
123,COHERENT
124,COHERENT
125,COHERENT
126,COHERENT
129,COHERENT
134,COHERENT
139,COHERENT
140,COHERENT
141,COHERENT
142,COHERENT
143,COHERENT
144,COHERENT
145,COHERENT
146,COHERENT
147,COHERENT
148,NOT_COHERENT
149,COHERENT
150,COHERENT
151,COHERENT
152,COHERENT
153,COHERENT
154,COHERENT
155,COHERENT
156,COHERENT
157,COHERENT
158,COHERENT
162,COHERENT
163,COHERENT
164,COHERENT
165,COHERENT
166,COHERENT
167,COHERENT
168,COHERENT
169,COHERENT
170,COHERENT
171,NOT_COHERENT
172,COHERENT
173,COHERENT
174,COHERENT
176,COHERENT
177,COHERENT
178,COHERENT
182,COHERENT
183,COHERENT
184,COHERENT
185,COHERENT
186,COHERENT
187,COHERENT
188,COHERENT
189,COHERENT
190,COHERENT
191,COHERENT
192,COHERENT
193,COHERENT
195,COHERENT
196,COHERENT
197,NOT_COHERENT
198,NOT_COHERENT
199,COHERENT
201,COHERENT
202,COHERENT
203,COHERENT
204,COHERENT
205,COHERENT
207,COHERENT
208,COHERENT
211,NOT_COHERENT
212,COHERENT
213,NOT_COHERENT
215,NOT_COHERENT
216,COHERENT
217,COHERENT
218,COHERENT
219,COHERENT
220,COHERENT
221,COHERENT
222,COHERENT
225,COHERENT
226,COHERENT
227,COHERENT
228,COHERENT
229,COHERENT
230,COHERENT
231,COHERENT
232,COHERENT
233,COHERENT
234,COHERENT
235,COHERENT
236,COHERENT
237,COHERENT
238,COHERENT
242,COHERENT
243,COHERENT
244,COHERENT
245,COHERENT
246,COHERENT
247,COHERENT
248,COHERENT
249,NOT_COHERENT
250,NOT_COHERENT
251,COHERENT
252,COHERENT
253,COHERENT
254,COHERENT
255,COHERENT
256,COHERENT
257,COHERENT
258,COHERENT
259,COHERENT
260,COHERENT
261,COHERENT
262,COHERENT
263,COHERENT
264,COHERENT
265,COHERENT
266,COHERENT
267,COHERENT
268,COHERENT
269,COHERENT
270,COHERENT
271,COHERENT
272,COHERENT
273,COHERENT
274,COHERENT
275,COHERENT
276,COHERENT
277,COHERENT
278,COHERENT
279,COHERENT
280,COHERENT
281,COHERENT
282,COHERENT
283,COHERENT
284,COHERENT
285,COHERENT
286,COHERENT
287,COHERENT
288,COHERENT
289,COHERENT
290,COHERENT
291,COHERENT
292,COHERENT
293,COHERENT
294,COHERENT
295,COHERENT
296,COHERENT
297,COHERENT
298,COHERENT
299,COHERENT
300,COHERENT
301,COHERENT
302,COHERENT
303,COHERENT
304,COHERENT
306,COHERENT
307,COHERENT
308,COHERENT
309,COHERENT
320,COHERENT
321,COHERENT
324,COHERENT
326,COHERENT
327,COHERENT
827,COHERENT
828,COHERENT
829,COHERENT
830,COHERENT
831,COHERENT
832,COHERENT
833,COHERENT
834,COHERENT
835,COHERENT
836,COHERENT
837,COHERENT
838,COHERENT
839,COHERENT
840,COHERENT
841,COHERENT
842,COHERENT
843,COHERENT
844,COHERENT
845,COHERENT
846,COHERENT
847,COHERENT
848,COHERENT
849,COHERENT
850,COHERENT
851,COHERENT
852,COHERENT
853,COHERENT
854,COHERENT
855,COHERENT
856,COHERENT
857,COHERENT
858,COHERENT
859,COHERENT
860,COHERENT
861,COHERENT
862,COHERENT
863,COHERENT
864,COHERENT
865,COHERENT
866,COHERENT
867,COHERENT
868,COHERENT
869,COHERENT
870,COHERENT
871,COHERENT
872,COHERENT
873,COHERENT
874,COHERENT
875,COHERENT
876,COHERENT
877,COHERENT
878,COHERENT
879,COHERENT
880,COHERENT
881,COHERENT
882,COHERENT
883,COHERENT
884,COHERENT
885,COHERENT
886,COHERENT
887,COHERENT
888,COHERENT
889,COHERENT
890,COHERENT
891,COHERENT
892,COHERENT
893,COHERENT
894,COHERENT
895,COHERENT
896,COHERENT
897,COHERENT
898,COHERENT
899,COHERENT
900,COHERENT
901,COHERENT
902,COHERENT
903,COHERENT
904,COHERENT
905,COHERENT
906,COHERENT
907,COHERENT
908,COHERENT
909,COHERENT
910,COHERENT
911,COHERENT
912,COHERENT
913,COHERENT
914,COHERENT
915,COHERENT
916,COHERENT
917,COHERENT
918,COHERENT
919,COHERENT
920,COHERENT
921,COHERENT
922,COHERENT
923,COHERENT
924,COHERENT
925,COHERENT
975,COHERENT
976,COHERENT
977,COHERENT
978,COHERENT
979,COHERENT
980,COHERENT
981,COHERENT
982,COHERENT
983,COHERENT
984,COHERENT
985,COHERENT
986,COHERENT
987,COHERENT
988,COHERENT
989,COHERENT
990,COHERENT
991,COHERENT
992,COHERENT
993,COHERENT
994,COHERENT
995,COHERENT
996,COHERENT
997,COHERENT
998,COHERENT
999,COHERENT
1000,COHERENT
1001,COHERENT
1002,COHERENT
1003,COHERENT
1004,COHERENT
1005,COHERENT
1006,COHERENT
1007,COHERENT
1008,COHERENT
1009,COHERENT
1010,COHERENT
1011,COHERENT
1012,COHERENT
1013,COHERENT
1014,COHERENT
1015,COHERENT
1016,COHERENT
1017,COHERENT
1018,COHERENT
1019,COHERENT
1020,COHERENT
1021,COHERENT
1022,COHERENT
1023,COHERENT
1024,COHERENT
1025,COHERENT
1026,COHERENT
1027,COHERENT
1028,COHERENT
1029,COHERENT
1030,COHERENT
1031,COHERENT
1032,COHERENT
1033,COHERENT
1034,COHERENT
1035,COHERENT
1036,COHERENT
1037,COHERENT
1038,COHERENT
1039,COHERENT
1040,COHERENT
1041,COHERENT
1042,COHERENT
1043,COHERENT
1044,COHERENT
1045,COHERENT
1046,COHERENT
1047,COHERENT
1048,COHERENT
1049,COHERENT
1050,COHERENT
1051,COHERENT
1052,COHERENT
1053,COHERENT
1054,COHERENT
1055,COHERENT
1056,COHERENT
1057,COHERENT
1058,COHERENT
1059,COHERENT
1060,COHERENT
1061,COHERENT
1062,COHERENT
1063,COHERENT
1064,COHERENT
1065,COHERENT
1066,COHERENT
1067,COHERENT
1068,COHERENT
1069,COHERENT
1070,COHERENT
1071,COHERENT
1072,COHERENT
1122,COHERENT
1128,COHERENT
1129,COHERENT
1131,COHERENT
1132,COHERENT
1133,COHERENT
1134,COHERENT
1135,COHERENT
1137,COHERENT
1139,COHERENT
1140,COHERENT
1142,COHERENT
1143,COHERENT
1144,COHERENT
1145,COHERENT
1146,NOT_COHERENT
1147,COHERENT
1148,COHERENT
1149,COHERENT
1150,COHERENT
1151,COHERENT
1152,COHERENT
1153,COHERENT
1154,COHERENT
1155,COHERENT
1156,COHERENT
1157,COHERENT
1158,COHERENT
1159,COHERENT
1160,COHERENT
1161,COHERENT
1162,COHERENT
1163,COHERENT
1164,COHERENT
1165,COHERENT
1166,COHERENT
1167,COHERENT
1168,COHERENT
1169,COHERENT
1170,COHERENT
1171,COHERENT
1172,COHERENT
1173,COHERENT
1174,COHERENT
1175,COHERENT
1176,COHERENT
1177,COHERENT
1178,COHERENT
1179,COHERENT
1180,COHERENT
1181,COHERENT
1182,COHERENT
1183,COHERENT
1184,COHERENT
1185,COHERENT
1186,COHERENT
1187,COHERENT
1188,COHERENT
1189,COHERENT
1190,COHERENT
1191,COHERENT
1192,COHERENT
1193,COHERENT
1194,COHERENT
1195,COHERENT
1196,COHERENT
1197,COHERENT
1198,COHERENT
1199,COHERENT
1200,COHERENT
1201,COHERENT
1202,COHERENT
1203,COHERENT
1204,COHERENT
1205,COHERENT
1206,COHERENT
1207,COHERENT
1208,COHERENT
1209,COHERENT
1210,COHERENT
1211,COHERENT
1212,COHERENT
1213,COHERENT
1214,COHERENT
1215,COHERENT
1216,COHERENT
1217,COHERENT
1218,COHERENT
1219,COHERENT
1220,COHERENT
1221,COHERENT
1222,COHERENT
1223,COHERENT
1224,COHERENT
1225,COHERENT
1226,COHERENT
1227,COHERENT
1228,COHERENT
1229,COHERENT
1230,COHERENT
1231,COHERENT
1232,COHERENT
1233,COHERENT
1234,COHERENT
1235,COHERENT
1236,COHERENT
1237,COHERENT
1238,COHERENT
1239,COHERENT
1240,COHERENT
1241,COHERENT
1245,COHERENT
1262,COHERENT
1271,COHERENT
1272,COHERENT
1273,COHERENT
1274,COHERENT
1275,COHERENT
1276,COHERENT
1279,COHERENT
1280,COHERENT
1281,COHERENT
1282,COHERENT
1283,COHERENT
1284,COHERENT
1286,COHERENT
1287,COHERENT
1288,COHERENT
1290,COHERENT
1292,COHERENT
1294,COHERENT
1296,COHERENT
1298,COHERENT
1299,COHERENT
1300,COHERENT
1304,COHERENT
1305,COHERENT
1306,COHERENT
1307,COHERENT
1308,COHERENT
1309,COHERENT
1310,COHERENT
1311,COHERENT
1312,COHERENT
1313,COHERENT
1314,COHERENT
1315,COHERENT
1316,COHERENT
1317,COHERENT
1318,COHERENT
1319,COHERENT
1320,COHERENT
1321,COHERENT
1322,COHERENT
1323,COHERENT
1325,COHERENT
1503,COHERENT
1505,COHERENT
1510,COHERENT
1511,COHERENT
1512,COHERENT
1513,COHERENT
1514,COHERENT
1515,COHERENT
1516,COHERENT
1517,COHERENT
1519,COHERENT
1520,COHERENT
1521,COHERENT
1522,COHERENT
1523,COHERENT
1524,COHERENT
1525,COHERENT
1526,COHERENT
1529,COHERENT
1530,COHERENT
1531,COHERENT
1538,COHERENT
1539,COHERENT
1540,COHERENT
1541,COHERENT
1542,COHERENT
1543,COHERENT
1544,COHERENT
1545,COHERENT
1546,COHERENT
1547,COHERENT
1548,COHERENT
1549,COHERENT
1550,COHERENT
1551,COHERENT
1553,COHERENT
1555,COHERENT
1556,COHERENT
1557,COHERENT
1558,COHERENT
1559,COHERENT
1560,COHERENT
1562,COHERENT
1563,COHERENT
1566,COHERENT
1567,COHERENT
1568,COHERENT
1570,COHERENT
1571,COHERENT
1572,COHERENT
1574,COHERENT
1576,COHERENT
1578,COHERENT
1583,COHERENT
1584,COHERENT
1585,COHERENT
1586,COHERENT
1587,COHERENT
1588,NOT_COHERENT
1589,NOT_COHERENT
1590,NOT_COHERENT
1601,NOT_COHERENT
1602,NOT_COHERENT
1603,NOT_COHERENT
1604,NOT_COHERENT
1605,NOT_COHERENT
1606,COHERENT
1607,COHERENT
1608,COHERENT
1609,COHERENT
1612,COHERENT
1622,COHERENT
1623,NOT_COHERENT
1624,NOT_COHERENT
1625,COHERENT
1626,COHERENT
1627,COHERENT
1628,COHERENT
1629,COHERENT
1631,COHERENT
1632,COHERENT
1633,COHERENT
1634,COHERENT
1635,COHERENT
1636,NOT_COHERENT
1641,COHERENT
1642,COHERENT
1643,COHERENT
1644,COHERENT
1645,NOT_COHERENT
1646,COHERENT
1647,COHERENT
1650,COHERENT
1651,COHERENT
1652,COHERENT
1653,COHERENT
1654,COHERENT
1655,COHERENT
1656,COHERENT
1657,COHERENT
1662,COHERENT
1663,COHERENT
1664,COHERENT
1665,COHERENT
1666,COHERENT
1667,COHERENT
1668,COHERENT
1669,COHERENT
1670,COHERENT
1671,COHERENT
1672,COHERENT
1673,COHERENT
1674,COHERENT
1675,COHERENT
1676,COHERENT
1677,COHERENT
1678,COHERENT
1679,COHERENT
1680,COHERENT
1681,COHERENT
1682,COHERENT
1683,COHERENT
1684,COHERENT
1685,COHERENT
1686,COHERENT
1687,COHERENT
1688,COHERENT
1689,COHERENT
1690,COHERENT
1691,COHERENT
1692,COHERENT
1693,COHERENT
1694,COHERENT
1695,COHERENT
1696,COHERENT
1701,COHERENT
1702,COHERENT
1703,COHERENT
1704,COHERENT
1705,COHERENT
1706,COHERENT
1707,COHERENT
1708,COHERENT
1711,COHERENT
1712,COHERENT
1713,COHERENT
1717,COHERENT
1718,COHERENT
1719,COHERENT
1720,COHERENT
1721,COHERENT
1722,COHERENT
1723,COHERENT
1724,COHERENT
1725,COHERENT
1727,COHERENT
1735,COHERENT
1736,COHERENT
1737,COHERENT
1740,COHERENT
1741,NOT_COHERENT
1742,COHERENT
1743,COHERENT
1744,COHERENT
1745,COHERENT
1746,COHERENT
1747,COHERENT
1748,COHERENT
1749,COHERENT
1750,COHERENT
1751,NOT_COHERENT
1753,NOT_COHERENT
1754,NOT_COHERENT
1756,COHERENT
1759,COHERENT
1764,COHERENT
1765,COHERENT
1766,NOT_COHERENT
1767,COHERENT
1769,COHERENT
1770,COHERENT
1774,COHERENT
1784,COHERENT
1786,NOT_COHERENT
1789,COHERENT
1790,COHERENT
1792,COHERENT
1793,COHERENT
1794,COHERENT
1802,COHERENT
1803,COHERENT
1804,NOT_COHERENT
1805,NOT_COHERENT
1806,COHERENT
1808,COHERENT
1809,COHERENT
1810,COHERENT
1811,COHERENT
1813,NOT_COHERENT
1814,COHERENT
1815,COHERENT
1817,COHERENT
1818,COHERENT
1821,COHERENT
1822,COHERENT
1824,COHERENT
1826,COHERENT
1827,COHERENT
1840,COHERENT
1843,COHERENT
1844,COHERENT
1853,COHERENT
1855,COHERENT
1856,COHERENT
1857,COHERENT
1860,COHERENT
1866,COHERENT
1869,COHERENT
1874,COHERENT
1885,COHERENT
1888,COHERENT
1889,COHERENT
1890,COHERENT
1891,COHERENT
1892,COHERENT
1899,COHERENT
1901,COHERENT
1908,COHERENT
1913,COHERENT
2001,COHERENT
2002,COHERENT
2003,COHERENT
2004,COHERENT
2005,COHERENT
2006,COHERENT
2007,COHERENT
2008,COHERENT
2009,COHERENT
2010,COHERENT
2011,COHERENT
2012,COHERENT
2013,COHERENT
2014,COHERENT
2015,COHERENT
2016,COHERENT
2017,COHERENT
2018,COHERENT
2019,COHERENT
2020,COHERENT
2021,COHERENT
2022,COHERENT
2023,COHERENT
2024,COHERENT
2025,COHERENT
2026,COHERENT
2027,COHERENT
2028,COHERENT
2029,COHERENT
2030,COHERENT
2031,NOT_COHERENT
2032,NOT_COHERENT
2033,COHERENT
2034,COHERENT
2035,COHERENT
2036,COHERENT
2037,COHERENT
2038,COHERENT
2039,COHERENT
2040,COHERENT
2041,COHERENT
2042,COHERENT
2043,COHERENT
2044,COHERENT
2045,NOT_COHERENT
2046,NOT_COHERENT
2047,COHERENT
2048,COHERENT
2049,COHERENT
2050,COHERENT
2051,COHERENT
2052,COHERENT
2053,COHERENT
2054,COHERENT
2055,COHERENT
2056,COHERENT
2057,COHERENT
2058,COHERENT
2059,COHERENT
2060,COHERENT
2061,COHERENT
2062,COHERENT
2063,COHERENT
2064,COHERENT
2065,COHERENT
2066,COHERENT
2067,COHERENT
2068,COHERENT
2069,COHERENT
2070,COHERENT
2071,COHERENT
2072,COHERENT
2073,COHERENT
2074,COHERENT
2075,COHERENT
2076,COHERENT
2077,COHERENT
2078,COHERENT
2079,COHERENT
2080,COHERENT
2081,COHERENT
2082,COHERENT
2083,COHERENT
2084,COHERENT
2085,COHERENT
2086,COHERENT
2087,COHERENT
2088,COHERENT
2089,COHERENT
2090,COHERENT
2091,COHERENT
2092,COHERENT
2093,COHERENT
2094,COHERENT
2095,COHERENT
2096,COHERENT
2097,COHERENT
2098,COHERENT
2099,COHERENT
2100,COHERENT
2101,COHERENT
2102,COHERENT
2103,COHERENT
2104,COHERENT
2105,COHERENT
2106,COHERENT
2107,COHERENT
2108,COHERENT
2109,COHERENT
2110,COHERENT
2111,COHERENT
2112,COHERENT
2113,COHERENT
2114,COHERENT
2115,COHERENT
2116,COHERENT
2117,COHERENT
2118,COHERENT
2119,COHERENT
2120,COHERENT
2121,COHERENT
2122,COHERENT
2123,COHERENT
2124,COHERENT
2125,COHERENT
2126,COHERENT
2127,COHERENT
2128,COHERENT
2129,COHERENT
2130,COHERENT
2131,COHERENT
2132,COHERENT
2133,COHERENT
2134,COHERENT
2135,COHERENT
2136,COHERENT
2137,COHERENT
2138,COHERENT
2139,COHERENT
2140,COHERENT
2141,COHERENT
2142,COHERENT
2143,COHERENT
2144,COHERENT
2145,COHERENT
2146,COHERENT
2147,COHERENT
2148,COHERENT
2149,COHERENT
2150,COHERENT
2151,COHERENT
2152,COHERENT
2153,COHERENT
2154,COHERENT
2155,COHERENT
2156,COHERENT
2157,COHERENT
2158,COHERENT
2159,COHERENT
2160,COHERENT
2161,COHERENT
2162,COHERENT
2163,COHERENT
2164,COHERENT
2165,COHERENT
2166,COHERENT
2167,COHERENT
2168,COHERENT
2169,COHERENT
2170,COHERENT
2171,COHERENT
2172,COHERENT
2173,COHERENT
2174,COHERENT
2175,COHERENT
2176,COHERENT
2177,COHERENT
2178,COHERENT
2179,COHERENT
2180,COHERENT
2181,COHERENT
2182,COHERENT
2183,COHERENT
2184,COHERENT
2195,COHERENT
2199,COHERENT
2204,COHERENT
2205,COHERENT
2210,COHERENT
2213,NOT_COHERENT
2214,COHERENT
2215,COHERENT
2216,NOT_COHERENT
2217,NOT_COHERENT
2218,COHERENT
2219,COHERENT
2220,COHERENT
2221,COHERENT
2222,COHERENT
2223,NOT_COHERENT
2224,COHERENT
2225,COHERENT
2226,COHERENT
2227,COHERENT
2228,COHERENT
2229,COHERENT
2230,COHERENT
2231,COHERENT
2232,COHERENT
2233,COHERENT
2234,COHERENT
2235,COHERENT
2236,COHERENT
2237,COHERENT
2238,COHERENT
2239,COHERENT
2240,COHERENT
2241,COHERENT
2242,COHERENT
2243,COHERENT
2244,COHERENT
2245,COHERENT
2246,COHERENT
2247,COHERENT
2248,COHERENT
2249,COHERENT
2250,COHERENT
2251,COHERENT
2252,COHERENT
2253,COHERENT
2254,COHERENT
2255,COHERENT
2256,COHERENT
2257,COHERENT
2258,COHERENT
2259,COHERENT
2260,COHERENT
2261,COHERENT
2262,COHERENT
2263,COHERENT
2264,COHERENT
2265,COHERENT
2266,COHERENT
2267,COHERENT
2268,COHERENT
2269,COHERENT
2270,COHERENT
2271,COHERENT
2272,COHERENT
2273,COHERENT
2274,COHERENT
2275,COHERENT
2276,COHERENT
2277,COHERENT
2278,COHERENT
2279,COHERENT
2280,COHERENT
2281,COHERENT
2282,COHERENT
2283,COHERENT
2284,COHERENT
2285,COHERENT
2286,COHERENT
2287,COHERENT
2288,COHERENT
2289,COHERENT
2290,COHERENT
2291,COHERENT
2292,COHERENT
2293,COHERENT
2294,COHERENT
2295,COHERENT
2296,COHERENT
2297,COHERENT
2298,COHERENT
2299,COHERENT
2300,COHERENT
2301,COHERENT
2302,COHERENT
2303,COHERENT
2304,COHERENT
2305,COHERENT
2306,COHERENT
2307,COHERENT
2308,COHERENT
2309,COHERENT
2310,COHERENT
2311,COHERENT
2312,COHERENT
2313,COHERENT
2314,COHERENT
2315,COHERENT
2316,COHERENT
2317,COHERENT
2318,COHERENT
2319,COHERENT
2320,COHERENT
2321,COHERENT
2322,COHERENT
2323,COHERENT
2324,COHERENT
2325,COHERENT
2326,COHERENT
2327,COHERENT
2328,COHERENT
2329,COHERENT
2330,COHERENT
2331,COHERENT
2332,COHERENT
2333,COHERENT
2334,COHERENT
2335,COHERENT
2336,COHERENT
2337,COHERENT
2338,COHERENT
2339,COHERENT
2340,COHERENT
2341,COHERENT
2342,COHERENT
2343,COHERENT
2344,COHERENT
2345,COHERENT
2346,COHERENT
2347,COHERENT
2348,COHERENT
2349,COHERENT
2350,COHERENT
2351,COHERENT
2352,COHERENT
2353,COHERENT
2354,COHERENT
2355,COHERENT
2356,COHERENT
2357,COHERENT
2358,COHERENT
2359,COHERENT
2360,COHERENT
2361,COHERENT
2362,COHERENT
2363,COHERENT
2364,COHERENT
2365,COHERENT
2366,COHERENT
2367,COHERENT
2368,COHERENT
2369,COHERENT
2370,COHERENT
2371,COHERENT
2372,COHERENT
2373,COHERENT
2374,COHERENT
2375,COHERENT
2376,COHERENT
2377,COHERENT
2378,COHERENT
2379,COHERENT
2380,COHERENT
2381,COHERENT
2382,COHERENT
2383,COHERENT
2384,COHERENT
2385,COHERENT
2386,COHERENT
2387,COHERENT
2388,COHERENT
2389,COHERENT
2390,COHERENT
2391,COHERENT
2392,COHERENT
2393,COHERENT
2394,COHERENT
2395,COHERENT
2396,COHERENT
2397,COHERENT
2398,COHERENT
2399,COHERENT
2400,COHERENT
2401,COHERENT
2402,COHERENT
2403,COHERENT
2404,COHERENT
2405,COHERENT
2406,COHERENT
2407,COHERENT
2408,COHERENT
2409,COHERENT
2410,COHERENT
2411,COHERENT
2412,COHERENT
2413,COHERENT
2414,COHERENT
2415,COHERENT
2416,COHERENT
2417,COHERENT
2418,COHERENT
2419,COHERENT
2501,COHERENT
2502,COHERENT
2503,COHERENT
2504,COHERENT
2505,COHERENT
2506,COHERENT
2507,COHERENT
2513,COHERENT
2514,COHERENT
2515,COHERENT
2516,COHERENT
2517,COHERENT
2518,COHERENT
2528,COHERENT
2529,COHERENT
2537,COHERENT
2541,COHERENT
2544,COHERENT
2547,COHERENT
2559,COHERENT
2564,COHERENT
2566,COHERENT
2569,COHERENT
2573,COHERENT
2574,COHERENT
2575,COHERENT
2576,COHERENT
2577,COHERENT
2585,COHERENT
2588,COHERENT
2595,COHERENT
2599,COHERENT
2602,COHERENT
2607,COHERENT
2610,COHERENT
2615,COHERENT
2618,COHERENT
2621,COHERENT
2624,COHERENT
2625,COHERENT
2626,NOT_COHERENT
2627,COHERENT
2628,COHERENT
2629,COHERENT
2630,COHERENT
2631,COHERENT
2635,COHERENT
2637,COHERENT
2638,COHERENT
2639,COHERENT
2640,COHERENT
2642,COHERENT
2643,COHERENT
2644,COHERENT
2645,COHERENT
2646,COHERENT
2647,COHERENT
2648,COHERENT
2650,COHERENT
2652,COHERENT
2654,COHERENT
2659,COHERENT
2662,COHERENT
2665,COHERENT
2666,COHERENT
2667,COHERENT
2668,COHERENT
2669,COHERENT
2670,COHERENT
2671,COHERENT
2672,COHERENT
2673,COHERENT
2674,COHERENT
2675,COHERENT
2676,COHERENT
2677,COHERENT
2678,COHERENT
2679,COHERENT
2680,COHERENT
2681,COHERENT
2683,COHERENT
2684,COHERENT
2685,COHERENT
2686,COHERENT
2698,COHERENT
2699,NOT_COHERENT
2700,NOT_COHERENT
2701,COHERENT
2702,COHERENT
2703,COHERENT
2705,COHERENT
2706,COHERENT
2708,COHERENT
2710,COHERENT
2711,COHERENT
2712,COHERENT
2714,COHERENT
2715,COHERENT
2716,COHERENT
2717,COHERENT
2719,COHERENT
2720,COHERENT
2721,COHERENT
2722,COHERENT
2723,COHERENT
2724,COHERENT
2726,COHERENT
2757,COHERENT
2759,COHERENT
2760,COHERENT
2761,COHERENT
2762,COHERENT
2763,COHERENT
2765,COHERENT
2766,COHERENT
2767,COHERENT
2768,COHERENT
2769,COHERENT
2770,COHERENT
2771,COHERENT
2772,COHERENT
2773,COHERENT
2776,COHERENT
2777,COHERENT
2778,NOT_COHERENT
2779,COHERENT
2780,COHERENT
2781,COHERENT
2782,COHERENT
2783,COHERENT
2785,COHERENT
2786,COHERENT
2787,COHERENT
2788,COHERENT
2789,COHERENT
2790,COHERENT
2791,COHERENT
2792,COHERENT
2793,COHERENT
2794,COHERENT
2795,COHERENT
2796,COHERENT
2797,COHERENT
2798,COHERENT
2799,COHERENT
2800,NOT_COHERENT
2801,COHERENT
2802,COHERENT
2803,COHERENT
2804,NOT_COHERENT
2805,NOT_COHERENT
2806,NOT_COHERENT
2807,NOT_COHERENT
2808,NOT_COHERENT
2809,COHERENT
2810,COHERENT
2811,COHERENT
2812,NOT_COHERENT
2813,COHERENT
2814,COHERENT
2815,NOT_COHERENT
2816,COHERENT
2817,COHERENT
2818,COHERENT
2819,COHERENT
2820,COHERENT
2821,COHERENT
2822,COHERENT
2823,COHERENT
2824,COHERENT
2825,COHERENT
2826,NOT_COHERENT
2827,COHERENT
2828,COHERENT
2829,NOT_COHERENT
2830,NOT_COHERENT
2831,NOT_COHERENT
2832,COHERENT
2833,COHERENT
2834,COHERENT
2835,NOT_COHERENT
2836,NOT_COHERENT
2837,COHERENT
2838,COHERENT
2839,COHERENT
2840,COHERENT
2841,COHERENT
2842,COHERENT
2843,COHERENT
2844,COHERENT
2845,COHERENT
2846,COHERENT
2847,COHERENT
2848,COHERENT
2849,COHERENT
2850,COHERENT
2851,COHERENT
2852,COHERENT
2853,COHERENT
2854,COHERENT
2855,COHERENT
2856,COHERENT
2857,COHERENT
2858,COHERENT
2859,COHERENT
2860,COHERENT
2861,COHERENT
2862,COHERENT
2863,COHERENT
2864,COHERENT
2866,COHERENT
2867,COHERENT
2868,COHERENT
2869,COHERENT
2870,COHERENT
2871,COHERENT
2872,COHERENT
2873,COHERENT
2874,COHERENT
2875,COHERENT
2876,COHERENT
2877,COHERENT
2878,COHERENT
2879,NOT_COHERENT
2880,COHERENT
2881,COHERENT
2882,COHERENT
2883,COHERENT
2884,COHERENT
2885,COHERENT
2886,COHERENT
2887,COHERENT
2888,NOT_COHERENT
2889,COHERENT
2890,COHERENT
2891,COHERENT
2892,COHERENT
2894,COHERENT
2895,COHERENT
2896,COHERENT
2897,COHERENT
2898,COHERENT
2899,COHERENT
2900,COHERENT
2901,COHERENT
2902,COHERENT
2903,COHERENT
2904,COHERENT
2906,COHERENT
2907,COHERENT
2908,COHERENT
2909,COHERENT
2910,COHERENT
2911,COHERENT
2912,NOT_COHERENT
2913,COHERENT
2914,COHERENT
2915,COHERENT
2916,COHERENT
2917,COHERENT
2918,COHERENT
2919,COHERENT
2920,COHERENT
2921,COHERENT
2924,COHERENT
2925,COHERENT
2926,COHERENT
2927,NOT_COHERENT
2928,COHERENT
2929,COHERENT
2930,COHERENT
2933,COHERENT
2934,COHERENT
2935,COHERENT
2936,COHERENT
2937,NOT_COHERENT
2938,NOT_COHERENT
2939,NOT_COHERENT
2940,NOT_COHERENT
2941,NOT_COHERENT
2942,NOT_COHERENT
2943,NOT_COHERENT
2944,NOT_COHERENT
2945,COHERENT
2946,NOT_COHERENT
2947,NOT_COHERENT
2948,COHERENT
2949,NOT_COHERENT
2950,NOT_COHERENT
2951,NOT_COHERENT
2952,NOT_COHERENT
2953,NOT_COHERENT
2954,NOT_COHERENT
3012,NOT_COHERENT
3015,COHERENT
3044,NOT_COHERENT
3050,NOT_COHERENT
3051,COHERENT
3052,COHERENT
3054,COHERENT
3055,COHERENT
3056,COHERENT
3058,COHERENT
3067,COHERENT
3069,COHERENT
3070,COHERENT
3071,COHERENT
3072,COHERENT
3073,COHERENT
3089,COHERENT
3126,COHERENT
3152,COHERENT
3153,NOT_COHERENT
3154,COHERENT
3155,NOT_COHERENT
3156,COHERENT
3162,COHERENT
3163,COHERENT
3170,COHERENT
3172,COHERENT
3176,COHERENT
3177,COHERENT
3178,COHERENT
3180,COHERENT
3181,COHERENT
3182,COHERENT
3187,COHERENT
3190,COHERENT
3191,COHERENT
3194,COHERENT
3195,COHERENT
3196,COHERENT
3201,COHERENT
3202,COHERENT
3203,COHERENT
3209,COHERENT
3210,COHERENT
3211,COHERENT
3213,COHERENT
3214,COHERENT
3215,COHERENT
3216,COHERENT
3217,COHERENT
3218,COHERENT
3219,COHERENT
3220,COHERENT
3221,COHERENT
3225,NOT_COHERENT
3229,COHERENT
3232,NOT_COHERENT
3233,NOT_COHERENT
3234,COHERENT
3236,COHERENT
3244,NOT_COHERENT
3246,COHERENT
3247,COHERENT
3249,COHERENT
3250,COHERENT
3253,COHERENT
3254,COHERENT
3255,COHERENT
3256,COHERENT
3261,COHERENT
3263,COHERENT
3265,COHERENT
3266,COHERENT
3267,COHERENT
3268,COHERENT
3269,COHERENT
3270,COHERENT
3271,COHERENT
3272,COHERENT
3273,COHERENT
3274,COHERENT
3281,COHERENT
3282,COHERENT
3283,COHERENT
3284,COHERENT
3288,COHERENT
3289,COHERENT
3290,COHERENT
3295,COHERENT
3298,NOT_COHERENT
3299,COHERENT
3301,COHERENT
3302,COHERENT
3303,NOT_COHERENT
3305,COHERENT
3306,COHERENT
3311,COHERENT
3312,COHERENT
3313,COHERENT
3314,COHERENT
3315,COHERENT
3318,NOT_COHERENT
3319,COHERENT
3320,COHERENT
3321,COHERENT
3324,COHERENT
3325,COHERENT
3326,COHERENT
3327,COHERENT
3328,NOT_COHERENT
3329,NOT_COHERENT
3330,NOT_COHERENT
3331,NOT_COHERENT
3332,NOT_COHERENT
3333,NOT_COHERENT
3334,NOT_COHERENT
3335,NOT_COHERENT
3338,NOT_COHERENT
3339,NOT_COHERENT
3340,COHERENT
3341,COHERENT
3342,NOT_COHERENT
3343,NOT_COHERENT
3344,NOT_COHERENT
3345,COHERENT
3346,NOT_COHERENT
3347,NOT_COHERENT
3348,NOT_COHERENT
3350,NOT_COHERENT
3351,NOT_COHERENT
3352,NOT_COHERENT
3353,NOT_COHERENT
3354,NOT_COHERENT
3355,NOT_COHERENT
3356,NOT_COHERENT
3357,NOT_COHERENT
3358,NOT_COHERENT
3359,NOT_COHERENT
3360,NOT_COHERENT
3361,NOT_COHERENT
3362,COHERENT
3363,COHERENT
3364,COHERENT
3365,COHERENT
3366,COHERENT
3367,COHERENT
3368,COHERENT
3369,COHERENT
3370,COHERENT
3372,COHERENT
3381,COHERENT
3382,COHERENT
3383,COHERENT
3390,COHERENT
3391,COHERENT
3393,COHERENT
3400,COHERENT
3401,COHERENT
3405,COHERENT
3406,COHERENT
3411,COHERENT
3417,COHERENT
3422,COHERENT
3423,COHERENT
3425,COHERENT
3426,COHERENT
3427,COHERENT
3428,COHERENT
3430,COHERENT
3431,COHERENT
3432,COHERENT
3433,COHERENT
3434,COHERENT
3435,COHERENT
3436,COHERENT
3437,COHERENT
3438,COHERENT
3439,COHERENT
3440,COHERENT
3442,COHERENT
3444,COHERENT
3445,COHERENT
3446,COHERENT
3447,COHERENT
3448,NOT_COHERENT
3449,NOT_COHERENT
3450,COHERENT
3452,COHERENT
3453,COHERENT
3454,NOT_COHERENT
3455,NOT_COHERENT
3478,COHERENT
3479,COHERENT
3480,COHERENT
3481,COHERENT
3482,COHERENT
3484,COHERENT
3485,COHERENT
3486,COHERENT
3487,COHERENT
3488,COHERENT
3491,COHERENT
3492,COHERENT
3501,COHERENT
3502,COHERENT
3503,COHERENT
3504,COHERENT
3505,COHERENT
3506,COHERENT
3513,COHERENT
3514,COHERENT
3516,COHERENT
3517,COHERENT
3518,COHERENT
3519,COHERENT
3520,COHERENT
3524,COHERENT
3529,COHERENT
3530,COHERENT
3532,COHERENT
3533,COHERENT
3534,COHERENT
3535,COHERENT
3538,COHERENT
3539,COHERENT
3541,COHERENT
3544,COHERENT
3545,COHERENT
3546,COHERENT
3547,COHERENT
3548,COHERENT
3549,COHERENT
3558,COHERENT
3559,COHERENT
3560,COHERENT
3561,COHERENT
3562,COHERENT
3571,COHERENT
3572,COHERENT
3573,COHERENT
3574,COHERENT
3575,COHERENT
3583,COHERENT
3586,COHERENT
3587,COHERENT
3588,COHERENT
3591,COHERENT
3592,COHERENT
3594,COHERENT
3596,NOT_COHERENT
3606,COHERENT
3607,COHERENT
3608,COHERENT
3609,COHERENT
3610,COHERENT
3611,COHERENT
3612,COHERENT
3613,COHERENT
3614,COHERENT
3615,COHERENT
3616,COHERENT
3617,COHERENT
3618,COHERENT
3619,COHERENT
3620,COHERENT
3622,COHERENT
3629,COHERENT
3635,COHERENT
3636,COHERENT
3637,COHERENT
3645,COHERENT
3646,COHERENT
3647,COHERENT
3648,COHERENT
3649,NOT_COHERENT
3650,COHERENT
3651,COHERENT
3660,COHERENT
3661,COHERENT
3662,COHERENT
3663,COHERENT
3664,NOT_COHERENT
3665,COHERENT
3666,COHERENT
3667,COHERENT
3668,COHERENT
3671,COHERENT
3672,COHERENT
3673,COHERENT
3680,COHERENT
3681,NOT_COHERENT
3682,COHERENT
3683,COHERENT
3684,COHERENT
3685,COHERENT
3686,COHERENT
3687,COHERENT
3698,COHERENT
3699,COHERENT
3700,COHERENT
3701,COHERENT
3702,COHERENT
3703,COHERENT
3704,COHERENT
3716,COHERENT
3720,COHERENT
3723,COHERENT
3730,COHERENT
3735,COHERENT
3736,COHERENT
3742,COHERENT
3743,COHERENT
3745,COHERENT
3746,COHERENT
3747,COHERENT
3749,COHERENT
3750,COHERENT
3751,COHERENT
3752,COHERENT
3753,COHERENT
3754,COHERENT
3755,COHERENT
3756,COHERENT
3757,COHERENT
3763,COHERENT
3764,COHERENT
3768,COHERENT
3773,COHERENT
3780,COHERENT
3781,COHERENT
3787,COHERENT
3788,COHERENT
3789,COHERENT
3790,COHERENT
3791,COHERENT
3792,COHERENT
3803,COHERENT
3806,COHERENT
3807,COHERENT
3808,COHERENT
3809,COHERENT
3810,COHERENT
3815,COHERENT
3816,COHERENT
3823,COHERENT
3824,COHERENT
3825,COHERENT
3826,COHERENT
3829,NOT_COHERENT
3831,COHERENT
3845,COHERENT
3849,COHERENT
3852,COHERENT
3862,COHERENT
3893,COHERENT
3896,COHERENT
3897,COHERENT
3899,COHERENT
3903,COHERENT
3912,COHERENT
3913,COHERENT
3916,COHERENT
3919,COHERENT
3924,COHERENT
3929,COHERENT
3933,COHERENT
3936,COHERENT
3937,COHERENT
3940,COHERENT
3947,COHERENT
3952,COHERENT
3958,COHERENT
3962,COHERENT
3965,COHERENT
3972,COHERENT
3973,COHERENT
3974,COHERENT
3975,NOT_COHERENT
3976,COHERENT
3977,COHERENT
3978,COHERENT
3979,COHERENT
3980,COHERENT
3981,COHERENT
3985,COHERENT
3992,COHERENT
3993,COHERENT
3996,COHERENT
3997,COHERENT
3999,COHERENT
4001,COHERENT
4002,COHERENT
4012,COHERENT
4015,COHERENT
4016,NOT_COHERENT
4017,COHERENT
4019,NOT_COHERENT
4020,COHERENT
4022,COHERENT
4024,COHERENT
4034,COHERENT
4041,COHERENT
4048,COHERENT
4052,COHERENT
4056,COHERENT
4062,COHERENT
4076,COHERENT
4080,COHERENT
4089,COHERENT
4102,COHERENT
4105,COHERENT
4107,COHERENT
4110,COHERENT
4112,COHERENT
4117,COHERENT
4135,COHERENT
4137,COHERENT
4142,COHERENT
4143,COHERENT
4146,COHERENT
4147,COHERENT
4152,COHERENT
4157,COHERENT
4160,COHERENT
4161,COHERENT
4163,COHERENT
4164,COHERENT
4165,COHERENT
4166,COHERENT
4167,COHERENT
4168,COHERENT
4169,COHERENT
4171,COHERENT
4173,COHERENT
4174,COHERENT
4179,COHERENT
4180,COHERENT
4185,COHERENT
4186,COHERENT
4187,COHERENT
4188,COHERENT
4189,COHERENT
4192,COHERENT
4196,COHERENT
4198,COHERENT
4205,COHERENT
4206,COHERENT
4210,COHERENT
4218,COHERENT
4223,COHERENT
4224,COHERENT
4225,COHERENT
4226,COHERENT
4227,COHERENT
4228,COHERENT
4229,COHERENT
4230,COHERENT
4231,COHERENT
4232,COHERENT
4233,COHERENT
4237,NOT_COHERENT
4240,NOT_COHERENT
4241,NOT_COHERENT
4246,COHERENT
4247,NOT_COHERENT
4251,COHERENT
4253,COHERENT
4255,COHERENT
4256,COHERENT
4258,NOT_COHERENT
4259,COHERENT
4260,COHERENT
4261,COHERENT
4262,NOT_COHERENT
4263,NOT_COHERENT
4264,NOT_COHERENT
4265,COHERENT
4266,COHERENT
4267,COHERENT
4268,COHERENT
4269,COHERENT
4270,COHERENT
4271,COHERENT
4272,COHERENT
4273,COHERENT
4274,COHERENT
4275,COHERENT
4277,COHERENT
4278,COHERENT
4279,COHERENT
4280,COHERENT
4281,NOT_COHERENT
4283,NOT_COHERENT
4284,COHERENT
4285,COHERENT
4286,COHERENT
4287,COHERENT
4288,COHERENT
4289,NOT_COHERENT
4290,NOT_COHERENT
4291,COHERENT
4293,NOT_COHERENT
4294,NOT_COHERENT
4295,NOT_COHERENT
4297,COHERENT
4298,NOT_COHERENT
4299,COHERENT
4300,COHERENT
4301,COHERENT
4302,COHERENT
4304,COHERENT
4305,COHERENT
4308,COHERENT
4310,COHERENT
4311,COHERENT
4316,NOT_COHERENT
4317,COHERENT
4319,COHERENT
4322,COHERENT
4323,COHERENT
4325,COHERENT
4327,COHERENT
4334,COHERENT
4346,COHERENT
4350,COHERENT
4354,COHERENT
4355,COHERENT
4362,COHERENT
4365,NOT_COHERENT
4384,COHERENT
4385,COHERENT
4386,COHERENT
4387,COHERENT
4388,COHERENT
4389,COHERENT
4390,COHERENT
4393,COHERENT
4394,COHERENT
4395,COHERENT
4396,COHERENT
4397,COHERENT
4398,COHERENT
4399,COHERENT
4400,COHERENT
4401,COHERENT
4402,COHERENT
4403,COHERENT
4404,COHERENT
4405,COHERENT
4409,COHERENT
4410,COHERENT
4420,COHERENT
4421,COHERENT
4424,NOT_COHERENT
4425,COHERENT
4426,COHERENT
4427,COHERENT
4428,COHERENT
4429,COHERENT
4430,COHERENT
4431,COHERENT
4432,COHERENT
4433,COHERENT
4434,COHERENT
4435,COHERENT
4436,COHERENT
4437,COHERENT
4438,COHERENT
4439,COHERENT
4440,COHERENT
4441,COHERENT
4442,COHERENT
4443,COHERENT
4444,COHERENT
4445,COHERENT
4446,COHERENT
4447,COHERENT
4448,COHERENT
4449,COHERENT
4450,COHERENT
4452,COHERENT
4453,COHERENT
4454,COHERENT
4455,COHERENT
4456,COHERENT
4457,COHERENT
4458,COHERENT
4459,COHERENT
4460,COHERENT
4461,COHERENT
4462,COHERENT
4463,COHERENT
4464,COHERENT
4465,COHERENT
4466,COHERENT
4467,COHERENT
4468,COHERENT
4470,COHERENT
4471,COHERENT
4482,COHERENT
4483,COHERENT
4484,COHERENT
4487,COHERENT
4488,COHERENT
4489,COHERENT
4490,COHERENT
4495,COHERENT
4501,NOT_COHERENT
4506,COHERENT
4509,COHERENT
4510,COHERENT
4511,NOT_COHERENT
4512,NOT_COHERENT
4513,NOT_COHERENT
4514,COHERENT
4515,COHERENT
4516,COHERENT
4517,COHERENT
4518,COHERENT
4528,COHERENT
4529,COHERENT
4530,COHERENT
4531,COHERENT
4532,COHERENT
4533,COHERENT
4540,COHERENT
4547,COHERENT
4548,COHERENT
4549,COHERENT
4550,COHERENT
4562,COHERENT
4563,COHERENT
4564,COHERENT
4565,COHERENT
4566,COHERENT
4569,COHERENT
4570,COHERENT
4573,NOT_COHERENT
4574,COHERENT
4575,COHERENT
4576,NOT_COHERENT
4577,COHERENT
4579,COHERENT
4583,COHERENT
4589,COHERENT
4590,COHERENT
4591,COHERENT
4592,COHERENT
4593,COHERENT
4595,COHERENT
4596,COHERENT
4597,COHERENT
4602,COHERENT
4605,COHERENT
4606,COHERENT
4607,COHERENT
4608,COHERENT
4609,COHERENT
4610,COHERENT
4614,COHERENT
4615,COHERENT
4616,COHERENT
4628,COHERENT
4629,COHERENT
4630,COHERENT
4631,COHERENT
4633,COHERENT
4634,COHERENT
4635,COHERENT
4636,COHERENT
4638,COHERENT
4639,COHERENT
4640,COHERENT
4641,COHERENT
4647,COHERENT
4648,COHERENT
4649,COHERENT
4650,COHERENT
4667,COHERENT
4668,NOT_COHERENT
4669,NOT_COHERENT
4672,COHERENT
4673,COHERENT
4674,COHERENT
4675,COHERENT
4676,COHERENT
4677,COHERENT
4678,COHERENT
4679,COHERENT
4680,COHERENT
4681,COHERENT
4682,COHERENT
4686,COHERENT
4699,COHERENT
4701,COHERENT
4706,COHERENT
4707,COHERENT
4708,COHERENT
4716,COHERENT
4717,COHERENT
4719,COHERENT
4720,COHERENT
4721,COHERENT
4722,COHERENT
4723,COHERENT
4726,NOT_COHERENT
4728,COHERENT
4729,NOT_COHERENT
4730,COHERENT
4733,COHERENT
4734,COHERENT
4737,COHERENT
4738,COHERENT
4739,COHERENT
4741,NOT_COHERENT
4742,COHERENT
4743,COHERENT
4744,COHERENT
4745,COHERENT
4748,COHERENT
4749,COHERENT
4750,COHERENT
4752,COHERENT
4753,COHERENT
4754,COHERENT
4755,COHERENT
4756,COHERENT
4757,COHERENT
4758,COHERENT
4759,COHERENT
4760,COHERENT
4761,COHERENT
4762,COHERENT
4763,COHERENT
4764,COHERENT
4765,COHERENT
4768,COHERENT
4770,COHERENT
4795,COHERENT
4796,COHERENT
4799,COHERENT
4801,COHERENT
4802,COHERENT
4804,COHERENT
4806,COHERENT
4807,COHERENT
4808,COHERENT
4809,COHERENT
4810,COHERENT
4811,COHERENT
4812,COHERENT
4813,COHERENT
4814,COHERENT
4815,COHERENT
4816,COHERENT
4817,COHERENT
4822,COHERENT
4823,COHERENT
4824,COHERENT
4825,COHERENT
4826,COHERENT
4827,COHERENT
4831,COHERENT
4839,COHERENT
4841,COHERENT
4855,COHERENT
4856,COHERENT
4857,COHERENT
4858,COHERENT
4859,COHERENT
4860,COHERENT
4862,COHERENT
4863,COHERENT
4867,COHERENT
4868,COHERENT
4898,COHERENT
4901,COHERENT
4906,COHERENT
4915,COHERENT
4916,COHERENT
4919,COHERENT
4920,COHERENT
4921,COHERENT
4922,COHERENT
4923,COHERENT
4924,COHERENT
4925,COHERENT
4926,COHERENT
4927,COHERENT
4928,COHERENT
4929,COHERENT
4930,COHERENT
4931,COHERENT
4934,COHERENT
4937,COHERENT
4938,COHERENT
4939,COHERENT
4940,COHERENT
4941,COHERENT
4946,COHERENT
4947,COHERENT
4948,COHERENT
4949,COHERENT
4950,COHERENT
4951,COHERENT
4952,COHERENT
4953,COHERENT
4954,COHERENT
4955,COHERENT
4956,COHERENT
5001,COHERENT
5002,COHERENT
5003,COHERENT
5004,COHERENT
5005,COHERENT
5006,COHERENT
5007,COHERENT
5008,COHERENT
5010,COHERENT
5012,COHERENT
5013,COHERENT
5014,COHERENT
5015,COHERENT
5016,COHERENT
5017,COHERENT
5018,COHERENT
5019,COHERENT
5020,COHERENT
5021,COHERENT
5022,COHERENT
5023,COHERENT
5024,COHERENT
5025,COHERENT
5026,COHERENT
5027,COHERENT
5028,COHERENT
5029,COHERENT
5030,COHERENT
5031,COHERENT
5032,COHERENT
5033,COHERENT
5034,COHERENT
5035,COHERENT
5036,COHERENT
5037,COHERENT
5038,COHERENT
5039,COHERENT
5040,COHERENT
5041,COHERENT
5042,COHERENT
5043,COHERENT
5044,COHERENT
5045,COHERENT
5046,COHERENT
5048,COHERENT
5049,COHERENT
5050,COHERENT
5051,COHERENT
5052,COHERENT
5053,COHERENT
5054,COHERENT
5055,COHERENT
5056,COHERENT
5057,COHERENT
5058,COHERENT
5059,COHERENT
5060,COHERENT
5061,COHERENT
5062,COHERENT
5063,COHERENT
5064,COHERENT
5065,COHERENT
5066,COHERENT
5067,COHERENT
5068,COHERENT
5069,COHERENT
5070,COHERENT
5075,COHERENT
5076,COHERENT
5077,COHERENT
5078,COHERENT
5079,COHERENT
5080,COHERENT
5081,COHERENT
5083,COHERENT
5084,COHERENT
5085,COHERENT
5086,COHERENT
5087,COHERENT
5088,COHERENT
5089,COHERENT
5090,COHERENT
5091,COHERENT
5092,COHERENT
5093,COHERENT
5094,COHERENT
5097,COHERENT
5098,COHERENT
5099,COHERENT
5100,COHERENT
5102,COHERENT
5104,COHERENT
5105,COHERENT
5106,COHERENT
5107,COHERENT
5108,COHERENT
5109,COHERENT
5110,COHERENT
5111,COHERENT
5112,COHERENT
5113,COHERENT
5114,COHERENT
5115,COHERENT
5116,COHERENT
5117,COHERENT
5118,COHERENT
5119,COHERENT
5120,COHERENT
5121,COHERENT
5122,COHERENT
5123,COHERENT
5124,COHERENT
5125,COHERENT
5126,COHERENT
5127,COHERENT
5128,COHERENT
5129,COHERENT
5130,COHERENT
5131,COHERENT
5132,COHERENT
5133,COHERENT
5134,COHERENT
5135,COHERENT
5136,COHERENT
5137,COHERENT
5138,COHERENT
5139,COHERENT
5140,COHERENT
5141,COHERENT
5142,COHERENT
5143,COHERENT
5144,COHERENT
5145,COHERENT
5146,COHERENT
5147,COHERENT
5148,COHERENT
5149,COHERENT
5150,COHERENT
5151,COHERENT
5152,COHERENT
5153,COHERENT
5154,COHERENT
5155,COHERENT
5156,COHERENT
5157,COHERENT
5158,COHERENT
5159,COHERENT
5160,COHERENT
5161,COHERENT
5162,COHERENT
5163,COHERENT
5164,COHERENT
5165,COHERENT
5166,COHERENT
5167,COHERENT
5168,COHERENT
5169,COHERENT
5170,COHERENT
5171,COHERENT
5172,COHERENT
5173,COHERENT
5174,COHERENT
5175,COHERENT
5176,COHERENT
5177,COHERENT
5178,COHERENT
5179,COHERENT
5180,COHERENT
5185,COHERENT
5186,COHERENT
5187,COHERENT
5188,COHERENT
5189,COHERENT
5190,COHERENT
5191,COHERENT
5192,COHERENT
5193,COHERENT
5194,COHERENT
5195,COHERENT
5196,COHERENT
5197,COHERENT
5198,COHERENT
5199,COHERENT
5200,COHERENT
5201,COHERENT
5202,COHERENT
5203,COHERENT
5204,COHERENT
5205,COHERENT
5206,COHERENT
5207,COHERENT
5208,COHERENT
5209,COHERENT
5210,COHERENT
5211,COHERENT
5212,COHERENT
5213,COHERENT
5214,COHERENT
5215,COHERENT
5216,COHERENT
5217,COHERENT
5218,COHERENT
5219,COHERENT
5220,COHERENT
5221,COHERENT
5222,COHERENT
5223,COHERENT
5224,COHERENT
5225,COHERENT
5226,COHERENT
5227,COHERENT
5228,COHERENT
5229,COHERENT
5230,COHERENT
5231,COHERENT
5232,COHERENT
5233,COHERENT
5234,COHERENT
5237,COHERENT
5238,COHERENT
5239,COHERENT
5240,COHERENT
5242,COHERENT
5243,COHERENT
5244,COHERENT
5245,COHERENT
5246,COHERENT
5247,COHERENT
5248,COHERENT
5249,COHERENT
5250,COHERENT
5251,COHERENT
5252,COHERENT
5253,COHERENT
5254,COHERENT
5255,COHERENT
5256,COHERENT
5257,COHERENT
5258,COHERENT
5259,COHERENT
5260,COHERENT
5261,COHERENT
5262,COHERENT
5263,COHERENT
5264,COHERENT
5265,COHERENT
5266,COHERENT
5267,COHERENT
5268,COHERENT
5269,COHERENT
5270,COHERENT
5271,COHERENT
5272,COHERENT
5273,COHERENT
5274,COHERENT
5275,COHERENT
5276,COHERENT
5277,COHERENT
5278,COHERENT
5279,COHERENT
5280,COHERENT
5281,COHERENT
5282,COHERENT
5283,COHERENT
5284,COHERENT
5285,COHERENT
5286,COHERENT
5287,COHERENT
5288,COHERENT
5289,COHERENT
5290,COHERENT
5291,COHERENT
5292,COHERENT
5293,COHERENT
5298,COHERENT
5299,COHERENT
5300,COHERENT
5301,COHERENT
5302,COHERENT
5303,COHERENT
5304,COHERENT
5305,COHERENT
5306,COHERENT
5307,COHERENT
5308,COHERENT
5309,COHERENT
5310,COHERENT
5311,COHERENT
5312,COHERENT
5313,COHERENT
5314,COHERENT
5315,COHERENT
5316,COHERENT
5317,COHERENT
5318,COHERENT
5319,COHERENT
5320,COHERENT
5321,COHERENT
5322,COHERENT
5323,COHERENT
5324,COHERENT
5325,COHERENT
5326,COHERENT
5327,COHERENT
5328,COHERENT
5329,COHERENT
5330,COHERENT
5331,COHERENT
5332,COHERENT
5333,COHERENT
5334,COHERENT
5335,COHERENT
5336,COHERENT
5337,COHERENT
5338,COHERENT
5339,COHERENT
5340,COHERENT
5341,COHERENT
5345,COHERENT
5346,COHERENT
5351,COHERENT
5352,COHERENT
5353,COHERENT
5354,COHERENT
5355,COHERENT
5356,COHERENT
5357,COHERENT
5358,COHERENT
5359,COHERENT
5360,COHERENT
5361,COHERENT
5362,COHERENT
5363,COHERENT
5364,COHERENT
5365,COHERENT
5366,COHERENT
5367,COHERENT
5368,COHERENT
5369,COHERENT
5370,COHERENT
5371,COHERENT
5372,COHERENT
5373,COHERENT
5374,COHERENT
5375,COHERENT
5376,COHERENT
5377,COHERENT
5378,COHERENT
5379,COHERENT
5380,COHERENT
5381,COHERENT
5382,COHERENT
5383,COHERENT
5384,COHERENT
5385,COHERENT
5386,COHERENT
5387,COHERENT
5388,COHERENT
5389,COHERENT
5390,COHERENT
5391,COHERENT
5392,COHERENT
5393,COHERENT
5394,COHERENT
5395,COHERENT
5396,COHERENT
5398,COHERENT
5399,COHERENT
5400,COHERENT
5401,COHERENT
5402,COHERENT
5403,COHERENT
5404,COHERENT
5405,COHERENT
5406,COHERENT
5407,COHERENT
5408,COHERENT
5409,COHERENT
5410,COHERENT
5411,COHERENT
5412,COHERENT
5413,COHERENT
5414,COHERENT
5418,COHERENT
5419,COHERENT
5420,COHERENT
5421,COHERENT
5422,COHERENT
5423,COHERENT
5424,COHERENT
5425,COHERENT
5426,COHERENT
5427,COHERENT
5428,COHERENT
5429,COHERENT
5430,COHERENT
5432,COHERENT
5436,COHERENT
5437,COHERENT
5438,COHERENT
5439,COHERENT
5440,COHERENT
5441,COHERENT
5442,COHERENT
5443,COHERENT
5444,COHERENT
5445,COHERENT
5446,COHERENT
5447,COHERENT
5448,COHERENT
5449,COHERENT
5450,COHERENT
5453,COHERENT
5454,COHERENT
5455,COHERENT
5456,COHERENT
5457,COHERENT
5458,COHERENT
5459,COHERENT
5460,COHERENT
5461,COHERENT
5462,COHERENT
5463,COHERENT
5464,COHERENT
5465,COHERENT
5466,COHERENT
5467,COHERENT
5468,COHERENT
5469,COHERENT
5470,COHERENT
5471,COHERENT
5472,COHERENT
5473,COHERENT
5474,COHERENT
5475,COHERENT
5476,COHERENT
5479,COHERENT
5480,COHERENT
5481,COHERENT
5482,COHERENT
5483,COHERENT
5484,COHERENT
5485,COHERENT
5486,COHERENT
5487,COHERENT
5488,COHERENT
5489,COHERENT
5490,COHERENT
5491,COHERENT
5492,COHERENT
5493,COHERENT
5494,COHERENT
5495,COHERENT
5496,COHERENT
5497,COHERENT
5498,COHERENT
5499,COHERENT
5500,COHERENT
5501,COHERENT
5502,COHERENT
5503,COHERENT
5504,COHERENT
5505,COHERENT
5506,COHERENT
5507,COHERENT
5508,COHERENT
5509,COHERENT
5510,COHERENT
5512,COHERENT
5513,COHERENT
5514,COHERENT
5515,COHERENT
5516,COHERENT
5517,COHERENT
5518,COHERENT
5519,COHERENT
5520,COHERENT
5521,COHERENT
5522,COHERENT
5523,COHERENT
5524,COHERENT
5525,COHERENT
5526,COHERENT
5527,COHERENT
5528,COHERENT
5529,COHERENT
5530,COHERENT
5531,COHERENT
5532,COHERENT
5533,COHERENT
5534,COHERENT
5535,COHERENT
5536,COHERENT
5537,COHERENT
5538,COHERENT
5539,COHERENT
5540,COHERENT
5541,COHERENT
5542,COHERENT
5543,COHERENT
5544,COHERENT
5545,COHERENT
5546,COHERENT
5547,COHERENT
5548,COHERENT
5549,COHERENT
5550,COHERENT
5551,COHERENT
5552,COHERENT
5553,COHERENT
5554,COHERENT
5555,COHERENT
5556,COHERENT
5557,COHERENT
5558,COHERENT
5559,COHERENT
5561,COHERENT
5562,COHERENT
5563,COHERENT
5564,COHERENT
5565,COHERENT
5566,COHERENT
5567,COHERENT
5568,COHERENT
5569,COHERENT
5570,COHERENT
5571,COHERENT
5573,COHERENT
5574,COHERENT
5575,COHERENT
5576,COHERENT
5578,COHERENT
5579,COHERENT
5580,COHERENT
5582,COHERENT
5584,COHERENT
5585,COHERENT
5586,COHERENT
5587,COHERENT
5588,COHERENT
5589,COHERENT
5590,COHERENT
5591,COHERENT
5592,COHERENT
5593,COHERENT
5594,COHERENT
5595,COHERENT
5596,COHERENT
5597,COHERENT
5598,COHERENT
5599,COHERENT
5600,COHERENT
5601,COHERENT
5602,COHERENT
5603,COHERENT
5604,COHERENT
5605,COHERENT
5606,COHERENT
5607,COHERENT
5608,COHERENT
5609,COHERENT
5610,COHERENT
5611,COHERENT
5612,COHERENT
5613,COHERENT
5614,COHERENT
5615,COHERENT
5616,COHERENT
5617,COHERENT
5618,COHERENT
5619,COHERENT
5620,COHERENT
5621,COHERENT
5622,COHERENT
5623,COHERENT
5624,COHERENT
5625,COHERENT
5626,COHERENT
5627,COHERENT
5628,COHERENT
5629,COHERENT
5630,COHERENT
5631,COHERENT
5632,COHERENT
5633,COHERENT
5634,COHERENT
5635,COHERENT
5636,COHERENT
5637,COHERENT
5638,COHERENT
5639,COHERENT
5640,COHERENT
5641,COHERENT
5642,COHERENT
5643,COHERENT
5644,COHERENT
5645,COHERENT
5646,COHERENT
5647,COHERENT
5648,COHERENT
5649,COHERENT
5650,COHERENT
5651,COHERENT
5652,COHERENT
5653,COHERENT
5654,COHERENT
5655,COHERENT
5656,COHERENT
5657,COHERENT
5658,COHERENT
5660,COHERENT
5661,COHERENT
5664,COHERENT
5665,COHERENT
5666,COHERENT
5667,COHERENT
5668,COHERENT
5669,COHERENT
5670,COHERENT
5671,COHERENT
5672,COHERENT
5673,COHERENT
5674,COHERENT
5675,COHERENT
5676,COHERENT
5677,COHERENT
5678,COHERENT
5679,COHERENT
5680,COHERENT
5681,COHERENT
5682,COHERENT
5683,COHERENT
5684,COHERENT
5685,COHERENT
5686,COHERENT
5687,COHERENT
5688,COHERENT
5689,COHERENT
5690,COHERENT
5691,COHERENT
5693,COHERENT
5694,COHERENT
5695,COHERENT
5696,COHERENT
5697,COHERENT
5698,COHERENT
5699,COHERENT
5700,COHERENT
5701,COHERENT
5702,COHERENT
5703,COHERENT
5707,COHERENT
5708,COHERENT
5709,COHERENT
5710,COHERENT
5711,COHERENT
5712,COHERENT
5713,COHERENT
5714,COHERENT
5715,COHERENT
5716,COHERENT
5717,COHERENT
5718,COHERENT
5719,COHERENT
5724,COHERENT
5725,COHERENT
5726,COHERENT
5727,COHERENT
5728,COHERENT
5729,COHERENT
5730,COHERENT
5731,COHERENT
5732,COHERENT
5733,COHERENT
5735,COHERENT
5736,COHERENT
5737,COHERENT
5738,COHERENT
5739,COHERENT
5740,COHERENT
5741,COHERENT
5742,COHERENT
5743,COHERENT
5745,COHERENT
5750,COHERENT
5751,COHERENT
5752,COHERENT
5753,COHERENT
5754,COHERENT
5755,COHERENT
5758,COHERENT
5759,COHERENT
5760,COHERENT
5761,COHERENT
5762,COHERENT
5763,COHERENT
5764,COHERENT
5765,COHERENT
5766,COHERENT
5767,COHERENT
5768,COHERENT
5769,COHERENT
5770,COHERENT
5771,COHERENT
5772,COHERENT
5773,COHERENT
5774,COHERENT
5775,COHERENT
5776,COHERENT
5777,COHERENT
5778,COHERENT
5779,COHERENT
5780,COHERENT
5781,COHERENT
5782,COHERENT
5783,COHERENT
5784,COHERENT
5785,COHERENT
5786,COHERENT
5787,COHERENT
5788,COHERENT
5789,COHERENT
5790,COHERENT
5791,COHERENT
5792,COHERENT
5793,COHERENT
5794,COHERENT
5795,COHERENT
5796,COHERENT
5797,COHERENT
5798,COHERENT
5799,COHERENT
5800,COHERENT
5801,COHERENT
5802,COHERENT
5803,COHERENT
5804,COHERENT
5805,COHERENT
5806,COHERENT
5807,COHERENT
5808,COHERENT
5809,COHERENT
5810,COHERENT
5811,COHERENT
5812,COHERENT
5813,COHERENT
5814,COHERENT
5815,COHERENT
5816,COHERENT
5817,COHERENT
5818,COHERENT
5821,COHERENT
5822,COHERENT
5823,COHERENT
5824,COHERENT
5825,COHERENT
5826,COHERENT
5835,COHERENT
5836,COHERENT
5846,COHERENT
5854,COHERENT
5855,COHERENT
5856,COHERENT
5862,COHERENT
5863,COHERENT
5864,COHERENT
5865,COHERENT
5868,COHERENT
5876,COHERENT
5877,COHERENT
5885,COHERENT
5886,COHERENT
5887,COHERENT
5890,COHERENT
5891,COHERENT
5892,COHERENT
5894,COHERENT
5898,COHERENT
5899,COHERENT
5900,COHERENT
5901,COHERENT
5906,COHERENT
5910,COHERENT
5911,COHERENT
5912,COHERENT
5913,COHERENT
5914,NOT_COHERENT
5916,COHERENT
5917,COHERENT
5918,COHERENT
5919,COHERENT
5924,COHERENT
5925,NOT_COHERENT
5929,NOT_COHERENT
5930,NOT_COHERENT
5931,COHERENT
5932,COHERENT
5933,COHERENT
5934,COHERENT
5935,COHERENT
5936,COHERENT
5937,COHERENT
5938,COHERENT
5939,COHERENT
5940,COHERENT
5941,COHERENT
5942,COHERENT
5943,COHERENT
5944,COHERENT
5945,COHERENT
5946,COHERENT
5947,COHERENT
5948,COHERENT
5950,COHERENT
5951,COHERENT
5954,COHERENT
5955,COHERENT
5957,COHERENT
5958,COHERENT
5960,COHERENT
5961,COHERENT
5962,COHERENT
5963,COHERENT
5964,COHERENT
5965,COHERENT
5966,COHERENT
5968,COHERENT
5969,COHERENT
5972,COHERENT
5973,COHERENT
5974,COHERENT
5975,COHERENT
5976,COHERENT
5977,COHERENT
5978,COHERENT
5979,COHERENT
5980,COHERENT
5981,COHERENT
5990,COHERENT
5991,COHERENT
6003,COHERENT
6008,COHERENT
6009,COHERENT
6014,COHERENT
6017,COHERENT
6019,COHERENT
6020,COHERENT
6022,COHERENT
6026,COHERENT
6027,COHERENT
6035,COHERENT
6038,COHERENT
6039,COHERENT
6041,COHERENT
6045,COHERENT
6049,COHERENT
6053,COHERENT
6057,COHERENT
6060,COHERENT
6063,COHERENT
6064,COHERENT
6066,COHERENT
6067,COHERENT
6072,COHERENT
6080,COHERENT
6086,COHERENT
6093,COHERENT
6098,COHERENT
6101,COHERENT
6107,COHERENT
6109,COHERENT
6120,COHERENT
6125,COHERENT
6126,COHERENT
6132,COHERENT
6135,COHERENT
6136,COHERENT
6139,COHERENT
6140,COHERENT
6141,COHERENT
6142,COHERENT
6143,COHERENT
6144,COHERENT
6171,NOT_COHERENT
6172,COHERENT
6174,NOT_COHERENT
6188,COHERENT
6189,COHERENT
6191,COHERENT
6192,COHERENT
6194,COHERENT
6211,COHERENT
6212,COHERENT
6217,COHERENT
6218,COHERENT
6219,COHERENT
6220,COHERENT
6221,COHERENT
6224,COHERENT
6225,COHERENT
6226,COHERENT
6227,COHERENT
6229,COHERENT
6230,COHERENT
6231,COHERENT
6232,COHERENT
6233,COHERENT
6236,COHERENT
6237,COHERENT
6238,COHERENT
6239,COHERENT
6242,COHERENT
6243,COHERENT
6244,COHERENT
6257,COHERENT
6258,COHERENT
6259,COHERENT
6269,COHERENT
6270,COHERENT
6274,COHERENT
6275,COHERENT
6282,COHERENT
6284,COHERENT
6285,COHERENT
6290,COHERENT
6291,COHERENT
6293,COHERENT
6294,COHERENT
6295,COHERENT
6296,COHERENT
6298,COHERENT
6304,COHERENT
6305,COHERENT
6306,COHERENT
6309,COHERENT
6310,COHERENT
6312,COHERENT
6315,COHERENT
6316,COHERENT
6318,COHERENT
6319,COHERENT
6323,COHERENT
6324,COHERENT
6327,COHERENT
6330,COHERENT
6331,COHERENT
6333,COHERENT
6334,COHERENT
6338,COHERENT
6341,COHERENT
6342,COHERENT
6344,COHERENT
6345,COHERENT
6350,COHERENT
6352,COHERENT
6353,COHERENT
6355,COHERENT
6360,COHERENT
6361,COHERENT
6363,COHERENT
6364,COHERENT
6365,COHERENT
6370,COHERENT
6371,COHERENT
6374,COHERENT
6375,COHERENT
6376,COHERENT
6377,COHERENT
6381,COHERENT
6382,COHERENT
6383,NOT_COHERENT
6384,NOT_COHERENT
6386,COHERENT
6387,COHERENT
6389,COHERENT
6391,COHERENT
6393,COHERENT
6394,COHERENT
6395,NOT_COHERENT
6396,COHERENT
6397,COHERENT
6398,COHERENT
6399,NOT_COHERENT
6402,NOT_COHERENT
6406,COHERENT
6412,COHERENT
6414,COHERENT
6415,COHERENT
6417,COHERENT
6419,COHERENT
6420,COHERENT
6421,COHERENT
6422,COHERENT
6423,COHERENT
6424,COHERENT
6425,COHERENT
6426,COHERENT
6427,COHERENT
6428,COHERENT
6430,COHERENT
6433,COHERENT
6435,COHERENT
6436,COHERENT
6437,COHERENT
6438,NOT_COHERENT
6439,COHERENT
6440,NOT_COHERENT
6441,COHERENT
6442,COHERENT
6443,COHERENT
6444,COHERENT
6445,COHERENT
6446,COHERENT
6447,COHERENT
6448,COHERENT
6449,COHERENT
6450,COHERENT
6451,NOT_COHERENT
6452,NOT_COHERENT
6454,NOT_COHERENT
6455,NOT_COHERENT
6456,COHERENT
6457,COHERENT
6458,COHERENT
6460,NOT_COHERENT
6461,COHERENT
6462,NOT_COHERENT
6463,NOT_COHERENT
6464,NOT_COHERENT
6465,NOT_COHERENT
6466,COHERENT
6467,COHERENT
6468,COHERENT
6469,NOT_COHERENT
6473,NOT_COHERENT
6474,NOT_COHERENT
6475,COHERENT
6476,COHERENT
6477,COHERENT
6478,COHERENT
6479,NOT_COHERENT
6480,COHERENT
6481,COHERENT
6482,COHERENT
6483,NOT_COHERENT
6484,COHERENT
6485,COHERENT
6487,COHERENT
6488,COHERENT
6489,COHERENT
6490,COHERENT
6512,COHERENT
6513,COHERENT
6514,COHERENT
6552,COHERENT
6565,COHERENT
6603,COHERENT
6639,COHERENT
6640,COHERENT
6641,COHERENT
6644,COHERENT
6648,COHERENT
6650,COHERENT
6652,COHERENT
6882,COHERENT
6887,COHERENT
6905,COHERENT
6944,COHERENT
6948,COHERENT
6949,COHERENT
6950,COHERENT
6951,COHERENT
6952,COHERENT
6982,COHERENT
7001,COHERENT
7002,COHERENT
7083,COHERENT
7085,COHERENT
7120,COHERENT
7127,COHERENT
7128,COHERENT
7132,NOT_COHERENT
7133,NOT_COHERENT
7138,COHERENT
7170,COHERENT
7171,COHERENT
7192,COHERENT
7195,COHERENT
7203,NOT_COHERENT
7220,COHERENT
7224,COHERENT
7232,COHERENT
7233,COHERENT
7236,NOT_COHERENT
7289,COHERENT
7295,COHERENT
7298,COHERENT
7299,COHERENT
7315,COHERENT
7320,COHERENT
7325,COHERENT
7326,COHERENT
7367,COHERENT
7368,COHERENT
7387,COHERENT
7388,COHERENT
7396,COHERENT
7419,NOT_COHERENT
7422,COHERENT
7423,COHERENT
7448,NOT_COHERENT
7461,NOT_COHERENT
7462,NOT_COHERENT
7466,COHERENT
7467,COHERENT
7469,NOT_COHERENT
7543,NOT_COHERENT
7544,COHERENT
7545,NOT_COHERENT
7548,COHERENT
7551,COHERENT
7552,COHERENT
7554,COHERENT
7563,COHERENT
7564,COHERENT
7572,COHERENT
7578,COHERENT
7580,COHERENT
7582,COHERENT
7587,NOT_COHERENT
7588,COHERENT
7589,NOT_COHERENT
7590,COHERENT
7591,COHERENT
7592,COHERENT
7593,COHERENT
7594,NOT_COHERENT
7596,NOT_COHERENT
7597,NOT_COHERENT
7598,COHERENT
7599,COHERENT
7600,COHERENT
7601,COHERENT
7602,COHERENT
7603,COHERENT
7604,COHERENT
7605,COHERENT
7606,COHERENT
7607,COHERENT
7608,COHERENT
7609,COHERENT
7610,COHERENT
7611,COHERENT
7612,COHERENT
7613,COHERENT
7614,COHERENT
7615,COHERENT
7617,COHERENT
7618,COHERENT
7619,COHERENT
7620,COHERENT
7622,COHERENT
7623,NOT_COHERENT
7624,COHERENT
7626,COHERENT
7628,NOT_COHERENT
7631,COHERENT
7632,COHERENT
7634,COHERENT
7635,COHERENT
7636,COHERENT
7649,COHERENT
7650,COHERENT
7654,COHERENT
7655,COHERENT
7664,COHERENT
7665,COHERENT
7667,COHERENT
7670,COHERENT
7671,COHERENT
7672,COHERENT
7673,COHERENT
7674,COHERENT
7675,COHERENT
7676,COHERENT
7677,COHERENT
7678,COHERENT
7679,COHERENT
7680,NOT_COHERENT
7681,COHERENT
7682,COHERENT
7683,COHERENT
7684,COHERENT
7685,COHERENT
7686,COHERENT
7687,COHERENT
7688,COHERENT
7689,COHERENT
7690,COHERENT
7691,COHERENT
7692,COHERENT
7693,COHERENT
7694,COHERENT
7695,COHERENT
7696,COHERENT
7697,COHERENT
7700,COHERENT
7701,COHERENT
7705,COHERENT
7706,COHERENT
7707,COHERENT
7708,COHERENT
7709,COHERENT
7710,COHERENT
7714,COHERENT
7715,COHERENT
7716,COHERENT
7717,COHERENT
7718,COHERENT
7719,COHERENT
7720,COHERENT
7727,COHERENT
7731,COHERENT
7734,COHERENT
7737,COHERENT
7744,COHERENT
7750,COHERENT
7751,COHERENT
7752,COHERENT
7753,COHERENT
7760,COHERENT
7766,COHERENT
7774,NOT_COHERENT
7776,COHERENT
7777,COHERENT
7779,COHERENT
7780,COHERENT
7781,COHERENT
7782,COHERENT
7783,COHERENT
7784,COHERENT
7788,NOT_COHERENT
7792,COHERENT
7793,COHERENT
7794,COHERENT
7799,COHERENT
7804,COHERENT
7805,COHERENT
7806,COHERENT
7813,COHERENT
7814,COHERENT
7815,COHERENT
7816,COHERENT
7817,COHERENT
7819,COHERENT
7820,COHERENT
7827,COHERENT
7828,COHERENT
7829,COHERENT
7830,COHERENT
7831,COHERENT
7832,COHERENT
7834,COHERENT
7835,COHERENT
7844,COHERENT
7847,COHERENT
7851,COHERENT
7856,COHERENT
7861,COHERENT
7862,COHERENT
7863,COHERENT
7864,COHERENT
7865,COHERENT
7866,COHERENT
7880,COHERENT
7881,COHERENT
7882,COHERENT
7883,COHERENT
7885,COHERENT
7886,COHERENT
7895,COHERENT
7896,COHERENT
7897,COHERENT
7898,COHERENT
7899,COHERENT
7900,COHERENT
7901,COHERENT
7902,COHERENT
7903,COHERENT
7904,COHERENT
7905,COHERENT
7915,COHERENT
7916,COHERENT
7927,COHERENT
7929,COHERENT
7953,COHERENT
7954,COHERENT
7979,COHERENT
7980,COHERENT
7981,COHERENT
7982,COHERENT
7983,COHERENT
7984,COHERENT
7985,COHERENT
7986,COHERENT
7987,COHERENT
7988,COHERENT
7989,COHERENT
7990,COHERENT
7991,COHERENT
7992,COHERENT
7993,COHERENT
7994,COHERENT
7996,COHERENT
7997,COHERENT
8002,COHERENT
8004,COHERENT
8005,COHERENT
8006,COHERENT
8007,COHERENT
8009,COHERENT
8013,COHERENT
8018,COHERENT
8019,COHERENT
8022,COHERENT
8024,COHERENT
8026,COHERENT
8027,COHERENT
8037,COHERENT
8039,COHERENT
8040,COHERENT
8041,COHERENT
8042,COHERENT
8045,COHERENT
8053,COHERENT
8055,COHERENT
8056,COHERENT
8057,COHERENT
8059,COHERENT
8062,COHERENT
8063,COHERENT
8064,COHERENT
8065,COHERENT
8071,COHERENT
8072,COHERENT
8073,COHERENT
8074,COHERENT
8076,COHERENT
8077,NOT_COHERENT
8078,NOT_COHERENT
8079,COHERENT
8087,COHERENT
8088,COHERENT
8091,COHERENT
8092,COHERENT
8099,COHERENT
8101,COHERENT
8102,COHERENT
8104,COHERENT
8105,COHERENT
8106,COHERENT
8111,COHERENT
8112,COHERENT
8149,COHERENT
8150,COHERENT
8152,COHERENT
8183,COHERENT
8184,COHERENT
8191,NOT_COHERENT
8192,COHERENT
8196,COHERENT
8197,COHERENT
8199,COHERENT
8200,COHERENT
8202,COHERENT
8203,COHERENT
8205,COHERENT
8214,COHERENT
8221,COHERENT
8222,COHERENT
8223,COHERENT
8224,COHERENT
8225,COHERENT
8227,COHERENT
8228,COHERENT
8229,COHERENT
8231,COHERENT
8232,COHERENT
8233,COHERENT
8234,COHERENT
8249,COHERENT
8250,COHERENT
8251,COHERENT
8252,NOT_COHERENT
8254,COHERENT
8258,COHERENT
8259,COHERENT
8260,COHERENT
8261,COHERENT
8262,COHERENT
8268,COHERENT
8269,NOT_COHERENT
8271,COHERENT
8272,COHERENT
8274,COHERENT
8275,COHERENT
8277,COHERENT
8301,COHERENT
8302,COHERENT
8303,COHERENT
8304,COHERENT
8313,COHERENT
8317,COHERENT
8321,COHERENT
8322,COHERENT
8325,COHERENT
8330,COHERENT
8338,COHERENT
8339,COHERENT
8340,COHERENT
8341,COHERENT
8355,COHERENT
8356,COHERENT
8358,COHERENT
8359,COHERENT
8360,COHERENT
8362,COHERENT
8365,COHERENT
8366,COHERENT
8367,COHERENT
8369,COHERENT
8371,COHERENT
8373,COHERENT
8377,COHERENT
8381,COHERENT
8420,COHERENT
8427,COHERENT
8434,COHERENT
8459,COHERENT
8461,COHERENT
8467,COHERENT
8470,COHERENT
8472,COHERENT
8474,COHERENT
8480,COHERENT
8481,COHERENT
8482,COHERENT
8495,COHERENT
8496,COHERENT
8504,COHERENT
8505,COHERENT
8506,COHERENT
8507,COHERENT
8508,COHERENT
8509,COHERENT
8510,COHERENT
8511,COHERENT
8512,COHERENT
8513,COHERENT
8514,COHERENT
8515,COHERENT
8516,COHERENT
8517,COHERENT
8518,COHERENT
8520,COHERENT
8521,COHERENT
8522,COHERENT
8523,COHERENT
8524,COHERENT
8526,COHERENT
8527,COHERENT
8528,COHERENT
8529,COHERENT
8530,COHERENT
8532,COHERENT
8533,COHERENT
8534,COHERENT
8535,COHERENT
8536,COHERENT
8550,COHERENT
8552,COHERENT
8553,COHERENT
8554,COHERENT
8555,COHERENT
8557,COHERENT
8558,COHERENT
8559,COHERENT
8561,COHERENT
8562,COHERENT
8563,COHERENT
8564,COHERENT
8565,COHERENT
8566,COHERENT
8567,COHERENT
8568,COHERENT
8570,COHERENT
8571,COHERENT
8572,COHERENT
8573,COHERENT
8574,COHERENT
8575,COHERENT
8585,COHERENT
8586,COHERENT
8587,COHERENT
8588,COHERENT
8589,COHERENT
8595,COHERENT
8598,COHERENT
8599,COHERENT
8602,COHERENT
8603,COHERENT
8604,COHERENT
8605,NOT_COHERENT
8611,COHERENT
8612,COHERENT
8613,COHERENT
8623,COHERENT
8627,COHERENT
8628,COHERENT
8629,COHERENT
8633,COHERENT
8634,COHERENT
8635,COHERENT
8636,COHERENT
8643,COHERENT
8644,COHERENT
8646,COHERENT
8647,COHERENT
8648,COHERENT
8649,COHERENT
8650,COHERENT
8651,COHERENT
8654,COHERENT
8655,COHERENT
8657,COHERENT
8658,COHERENT
8659,COHERENT
8660,COHERENT
8668,COHERENT
8669,COHERENT
8670,COHERENT
8671,NOT_COHERENT
8672,COHERENT
8673,COHERENT
8676,COHERENT
8677,COHERENT
8680,COHERENT
8681,COHERENT
8682,COHERENT
8691,COHERENT
8692,COHERENT
8698,COHERENT
8702,COHERENT
8705,COHERENT
8712,COHERENT
8717,COHERENT
8722,COHERENT
8724,COHERENT
8732,COHERENT
8735,COHERENT
8740,COHERENT
8743,COHERENT
8745,COHERENT
8751,COHERENT
8753,COHERENT
8767,COHERENT
8768,COHERENT
8769,COHERENT
8770,COHERENT
8772,COHERENT
8788,COHERENT
8791,COHERENT
8796,COHERENT
8799,COHERENT
8801,COHERENT
8802,COHERENT
8804,COHERENT
8806,COHERENT
8813,COHERENT
8814,COHERENT
8815,COHERENT
8816,COHERENT
8817,COHERENT
8818,COHERENT
8819,COHERENT
8820,COHERENT
8825,COHERENT
8826,COHERENT
8836,COHERENT
8843,COHERENT
8846,COHERENT
8847,COHERENT
8853,COHERENT
8854,COHERENT
8855,COHERENT
8857,COHERENT
8860,COHERENT
8869,COHERENT
8870,COHERENT
8871,COHERENT
8873,COHERENT
8877,COHERENT
8880,COHERENT
8881,COHERENT
8885,COHERENT
8890,COHERENT
8894,COHERENT
8920,COHERENT
8921,COHERENT
8922,COHERENT
8924,COHERENT
8925,COHERENT
8926,COHERENT
8928,COHERENT
8929,COHERENT
8930,COHERENT
8935,COHERENT
8936,COHERENT
8937,COHERENT
8940,COHERENT
8942,COHERENT
8943,COHERENT
8944,COHERENT
8945,COHERENT
8946,COHERENT
8950,COHERENT
8954,COHERENT
8955,COHERENT
8956,COHERENT
8958,COHERENT
8959,COHERENT
8960,COHERENT
8961,NOT_COHERENT
8962,NOT_COHERENT
8963,NOT_COHERENT
8964,NOT_COHERENT
8965,NOT_COHERENT
8966,NOT_COHERENT
8967,NOT_COHERENT
8968,NOT_COHERENT
8969,NOT_COHERENT
8970,NOT_COHERENT
8971,NOT_COHERENT
8972,NOT_COHERENT
8973,NOT_COHERENT
8974,NOT_COHERENT
8979,NOT_COHERENT
8980,NOT_COHERENT
8981,NOT_COHERENT
8982,NOT_COHERENT
8983,COHERENT
8984,NOT_COHERENT
8985,NOT_COHERENT
8986,NOT_COHERENT
8987,NOT_COHERENT
8988,NOT_COHERENT
8989,NOT_COHERENT
8990,NOT_COHERENT
8991,NOT_COHERENT
8992,NOT_COHERENT
8993,NOT_COHERENT
8994,NOT_COHERENT
8995,NOT_COHERENT
8996,NOT_COHERENT
8997,NOT_COHERENT
8998,NOT_COHERENT
8999,NOT_COHERENT
9000,NOT_COHERENT
9001,NOT_COHERENT
9002,NOT_COHERENT
9003,NOT_COHERENT
9004,NOT_COHERENT
9005,NOT_COHERENT
9006,NOT_COHERENT
9007,NOT_COHERENT
9008,NOT_COHERENT
9009,NOT_COHERENT
9010,NOT_COHERENT
9011,NOT_COHERENT
9012,NOT_COHERENT
9013,NOT_COHERENT
9014,NOT_COHERENT
9015,NOT_COHERENT
9016,NOT_COHERENT
9017,NOT_COHERENT
9018,NOT_COHERENT
9019,NOT_COHERENT
9020,NOT_COHERENT
9021,NOT_COHERENT
9022,NOT_COHERENT
9023,NOT_COHERENT
9024,NOT_COHERENT
9025,NOT_COHERENT
9026,NOT_COHERENT
9027,NOT_COHERENT
9028,NOT_COHERENT
9029,NOT_COHERENT
9030,NOT_COHERENT
9031,NOT_COHERENT
9032,NOT_COHERENT
9033,NOT_COHERENT
9034,NOT_COHERENT
9035,NOT_COHERENT
9036,NOT_COHERENT
9037,NOT_COHERENT
9038,NOT_COHERENT
9039,NOT_COHERENT
9040,NOT_COHERENT
9041,NOT_COHERENT
9042,NOT_COHERENT
9043,NOT_COHERENT
9044,NOT_COHERENT
9045,NOT_COHERENT
9046,NOT_COHERENT
9047,NOT_COHERENT
9048,NOT_COHERENT
9049,NOT_COHERENT
9050,NOT_COHERENT
9051,NOT_COHERENT
9052,NOT_COHERENT
9053,NOT_COHERENT
9054,NOT_COHERENT
9055,NOT_COHERENT
9056,NOT_COHERENT
9057,NOT_COHERENT
9058,NOT_COHERENT
9059,NOT_COHERENT
9060,NOT_COHERENT
9061,NOT_COHERENT
9062,NOT_COHERENT
9063,NOT_COHERENT
9064,NOT_COHERENT
9065,NOT_COHERENT
9066,NOT_COHERENT
9067,NOT_COHERENT
9068,NOT_COHERENT
9069,NOT_COHERENT
9070,NOT_COHERENT
9071,NOT_COHERENT
9072,NOT_COHERENT
9073,NOT_COHERENT
9074,NOT_COHERENT
9075,NOT_COHERENT
9080,NOT_COHERENT
9081,NOT_COHERENT
9083,NOT_COHERENT
9086,NOT_COHERENT
9088,NOT_COHERENT
9089,NOT_COHERENT
9090,NOT_COHERENT
9091,NOT_COHERENT
9092,NOT_COHERENT
9093,NOT_COHERENT
9094,NOT_COHERENT
9095,NOT_COHERENT
9096,NOT_COHERENT
9097,NOT_COHERENT
9098,NOT_COHERENT
9099,NOT_COHERENT
9100,NOT_COHERENT
9101,NOT_COHERENT
9102,NOT_COHERENT
9103,NOT_COHERENT
9105,NOT_COHERENT
9106,NOT_COHERENT
9107,NOT_COHERENT
9108,NOT_COHERENT
9109,NOT_COHERENT
9111,NOT_COHERENT
9112,NOT_COHERENT
9113,NOT_COHERENT
9114,NOT_COHERENT
9115,NOT_COHERENT
9116,NOT_COHERENT
9119,NOT_COHERENT
9120,NOT_COHERENT
9121,NOT_COHERENT
9122,NOT_COHERENT
9123,NOT_COHERENT
9124,NOT_COHERENT
9125,NOT_COHERENT
9126,NOT_COHERENT
9127,NOT_COHERENT
9128,NOT_COHERENT
9129,NOT_COHERENT
9131,NOT_COHERENT
9132,NOT_COHERENT
9133,NOT_COHERENT
9134,NOT_COHERENT
9135,NOT_COHERENT
9137,NOT_COHERENT
9138,NOT_COHERENT
9139,NOT_COHERENT
9140,NOT_COHERENT
9141,NOT_COHERENT
9142,NOT_COHERENT
9143,NOT_COHERENT
9144,NOT_COHERENT
9146,NOT_COHERENT
9150,NOT_COHERENT
9151,NOT_COHERENT
9152,NOT_COHERENT
9153,NOT_COHERENT
9154,NOT_COHERENT
9155,NOT_COHERENT
9156,NOT_COHERENT
9158,NOT_COHERENT
9159,NOT_COHERENT
9161,NOT_COHERENT
9162,NOT_COHERENT
9163,NOT_COHERENT
9164,NOT_COHERENT
9165,NOT_COHERENT
9166,NOT_COHERENT
9167,NOT_COHERENT
9168,NOT_COHERENT
9169,NOT_COHERENT
9170,NOT_COHERENT
9171,NOT_COHERENT
9172,NOT_COHERENT
9173,NOT_COHERENT
9174,NOT_COHERENT
9175,NOT_COHERENT
9176,NOT_COHERENT
9178,NOT_COHERENT
9179,NOT_COHERENT
9180,NOT_COHERENT
9181,NOT_COHERENT
9182,NOT_COHERENT
9183,NOT_COHERENT
9184,NOT_COHERENT
9185,NOT_COHERENT
9186,NOT_COHERENT
9187,NOT_COHERENT
9188,NOT_COHERENT
9191,NOT_COHERENT
9192,NOT_COHERENT
9193,NOT_COHERENT
9194,NOT_COHERENT
9197,NOT_COHERENT
9198,NOT_COHERENT
9199,NOT_COHERENT
9201,NOT_COHERENT
9202,NOT_COHERENT
9203,NOT_COHERENT
9204,NOT_COHERENT
9205,NOT_COHERENT
9206,NOT_COHERENT
9207,NOT_COHERENT
9208,NOT_COHERENT
9209,NOT_COHERENT
9210,NOT_COHERENT
9211,NOT_COHERENT
9212,NOT_COHERENT
9213,NOT_COHERENT
9214,NOT_COHERENT
9215,NOT_COHERENT
9216,NOT_COHERENT
9217,NOT_COHERENT
9218,NOT_COHERENT
9219,NOT_COHERENT
9220,NOT_COHERENT
9221,NOT_COHERENT
9222,NOT_COHERENT
9223,NOT_COHERENT
9224,NOT_COHERENT
9225,NOT_COHERENT
9226,NOT_COHERENT
9227,NOT_COHERENT
9228,NOT_COHERENT
9229,NOT_COHERENT
9230,NOT_COHERENT
9231,NOT_COHERENT
9232,NOT_COHERENT
9233,NOT_COHERENT
9234,NOT_COHERENT
9235,NOT_COHERENT
9237,NOT_COHERENT
9238,NOT_COHERENT
9239,NOT_COHERENT
9240,NOT_COHERENT
9241,NOT_COHERENT
9242,NOT_COHERENT
9243,NOT_COHERENT
9244,NOT_COHERENT
9245,NOT_COHERENT
9246,NOT_COHERENT
9247,NOT_COHERENT
9248,NOT_COHERENT
9249,NOT_COHERENT
9250,NOT_COHERENT
9251,NOT_COHERENT
9252,NOT_COHERENT
9253,NOT_COHERENT
9254,NOT_COHERENT
9255,NOT_COHERENT
9256,NOT_COHERENT
9257,NOT_COHERENT
9258,NOT_COHERENT
9259,NOT_COHERENT
9260,NOT_COHERENT
9261,NOT_COHERENT
9262,NOT_COHERENT
9263,NOT_COHERENT
9264,NOT_COHERENT
9265,NOT_COHERENT
9266,NOT_COHERENT
9267,NOT_COHERENT
9268,NOT_COHERENT
9269,NOT_COHERENT
9270,NOT_COHERENT
9271,NOT_COHERENT
9272,NOT_COHERENT
9273,NOT_COHERENT
9274,NOT_COHERENT
9275,NOT_COHERENT
9276,NOT_COHERENT
9277,NOT_COHERENT
9278,NOT_COHERENT
9279,NOT_COHERENT
9280,NOT_COHERENT
9281,NOT_COHERENT
9282,NOT_COHERENT
9283,NOT_COHERENT
9284,NOT_COHERENT
9285,NOT_COHERENT
9286,NOT_COHERENT
9287,NOT_COHERENT
9288,NOT_COHERENT
9289,NOT_COHERENT
9291,NOT_COHERENT
9292,NOT_COHERENT
9293,NOT_COHERENT
9294,NOT_COHERENT
9295,NOT_COHERENT
9296,NOT_COHERENT
9297,NOT_COHERENT
9298,NOT_COHERENT
9299,NOT_COHERENT
9300,NOT_COHERENT
9301,NOT_COHERENT
9302,NOT_COHERENT
9303,NOT_COHERENT
9304,NOT_COHERENT
9305,NOT_COHERENT
9306,NOT_COHERENT
9307,NOT_COHERENT
9308,NOT_COHERENT
9309,NOT_COHERENT
9310,NOT_COHERENT
9311,NOT_COHERENT
9312,NOT_COHERENT
9313,NOT_COHERENT
9314,NOT_COHERENT
9315,NOT_COHERENT
9316,NOT_COHERENT
9317,NOT_COHERENT
9319,NOT_COHERENT
9320,NOT_COHERENT
9321,NOT_COHERENT
9322,NOT_COHERENT
9323,NOT_COHERENT
9324,NOT_COHERENT
9325,NOT_COHERENT
9326,NOT_COHERENT
9327,NOT_COHERENT
9328,NOT_COHERENT
9329,NOT_COHERENT
9331,NOT_COHERENT
9333,NOT_COHERENT
9334,NOT_COHERENT
9335,NOT_COHERENT
9336,NOT_COHERENT
9337,NOT_COHERENT
9338,NOT_COHERENT
9339,NOT_COHERENT
9344,NOT_COHERENT
9345,NOT_COHERENT
9347,NOT_COHERENT
9348,NOT_COHERENT
9349,NOT_COHERENT
9353,NOT_COHERENT
9354,NOT_COHERENT
9357,NOT_COHERENT
9358,NOT_COHERENT
9359,NOT_COHERENT
9360,NOT_COHERENT
9361,NOT_COHERENT
9362,NOT_COHERENT
9363,NOT_COHERENT
9364,NOT_COHERENT
9365,NOT_COHERENT
9368,NOT_COHERENT
9369,NOT_COHERENT
9370,NOT_COHERENT
9371,NOT_COHERENT
9372,NOT_COHERENT
9373,NOT_COHERENT
9374,NOT_COHERENT
9375,NOT_COHERENT
9376,NOT_COHERENT
9377,NOT_COHERENT
9378,NOT_COHERENT
9379,NOT_COHERENT
9380,NOT_COHERENT
9381,NOT_COHERENT
9382,NOT_COHERENT
9383,NOT_COHERENT
9384,NOT_COHERENT
9385,NOT_COHERENT
9386,NOT_COHERENT
9387,NOT_COHERENT
9388,NOT_COHERENT
9389,NOT_COHERENT
9390,NOT_COHERENT
9391,NOT_COHERENT
9392,NOT_COHERENT
9393,NOT_COHERENT
9394,NOT_COHERENT
9395,NOT_COHERENT
9396,NOT_COHERENT
9397,NOT_COHERENT
9398,NOT_COHERENT
9399,NOT_COHERENT
9400,NOT_COHERENT
9401,NOT_COHERENT
9402,NOT_COHERENT
9403,NOT_COHERENT
9404,NOT_COHERENT
9405,NOT_COHERENT
9406,NOT_COHERENT
9407,NOT_COHERENT
9409,NOT_COHERENT
9410,NOT_COHERENT
9412,NOT_COHERENT
9413,NOT_COHERENT
9414,NOT_COHERENT
9415,NOT_COHERENT
9416,NOT_COHERENT
9417,NOT_COHERENT
9418,NOT_COHERENT
9419,NOT_COHERENT
9420,NOT_COHERENT
9421,NOT_COHERENT
9422,NOT_COHERENT
9423,NOT_COHERENT
9424,NOT_COHERENT
9425,NOT_COHERENT
9426,NOT_COHERENT
9427,NOT_COHERENT
9428,NOT_COHERENT
9429,NOT_COHERENT
9430,NOT_COHERENT
9431,NOT_COHERENT
9432,NOT_COHERENT
9433,NOT_COHERENT
9434,NOT_COHERENT
9436,NOT_COHERENT
9437,NOT_COHERENT
9438,NOT_COHERENT
9439,NOT_COHERENT
9440,NOT_COHERENT
9441,NOT_COHERENT
9442,NOT_COHERENT
9443,NOT_COHERENT
9444,NOT_COHERENT
9445,NOT_COHERENT
9446,NOT_COHERENT
9447,NOT_COHERENT
9448,NOT_COHERENT
9449,NOT_COHERENT
9452,NOT_COHERENT
9453,NOT_COHERENT
9454,NOT_COHERENT
9455,NOT_COHERENT
9456,NOT_COHERENT
9457,NOT_COHERENT
9458,NOT_COHERENT
9459,NOT_COHERENT
9460,NOT_COHERENT
9461,NOT_COHERENT
9463,NOT_COHERENT
9464,NOT_COHERENT
9465,NOT_COHERENT
9469,NOT_COHERENT
9471,NOT_COHERENT
9472,NOT_COHERENT
9474,NOT_COHERENT
9475,NOT_COHERENT
9476,NOT_COHERENT
9477,NOT_COHERENT
9478,NOT_COHERENT
9479,NOT_COHERENT
9482,NOT_COHERENT
9483,NOT_COHERENT
9484,NOT_COHERENT
9485,NOT_COHERENT
9486,NOT_COHERENT
9487,NOT_COHERENT
9488,NOT_COHERENT
9489,NOT_COHERENT
9490,NOT_COHERENT
9491,NOT_COHERENT
9492,NOT_COHERENT
9493,NOT_COHERENT
9494,NOT_COHERENT
9495,NOT_COHERENT
9496,NOT_COHERENT
9497,NOT_COHERENT
9498,NOT_COHERENT
9499,NOT_COHERENT
9500,NOT_COHERENT
9503,NOT_COHERENT
9504,NOT_COHERENT
9505,NOT_COHERENT
9506,NOT_COHERENT
9507,NOT_COHERENT
9508,NOT_COHERENT
9509,NOT_COHERENT
9510,NOT_COHERENT
9511,NOT_COHERENT
9515,NOT_COHERENT
9516,NOT_COHERENT
9517,NOT_COHERENT
9520,NOT_COHERENT
9521,NOT_COHERENT
9522,NOT_COHERENT
9523,NOT_COHERENT
9524,NOT_COHERENT
9525,NOT_COHERENT
9526,NOT_COHERENT
9527,NOT_COHERENT
9528,NOT_COHERENT
9529,NOT_COHERENT
9530,NOT_COHERENT
9531,NOT_COHERENT
9532,NOT_COHERENT
9533,NOT_COHERENT
9534,NOT_COHERENT
9535,NOT_COHERENT
9536,NOT_COHERENT
9537,NOT_COHERENT
9538,NOT_COHERENT
9539,NOT_COHERENT
9540,NOT_COHERENT
9541,NOT_COHERENT
9542,NOT_COHERENT
9543,NOT_COHERENT
9544,NOT_COHERENT
9545,NOT_COHERENT
9546,NOT_COHERENT
9547,NOT_COHERENT
9548,NOT_COHERENT
9549,NOT_COHERENT
9550,NOT_COHERENT
9551,NOT_COHERENT
9552,NOT_COHERENT
9553,NOT_COHERENT
9554,NOT_COHERENT
9555,NOT_COHERENT
9556,NOT_COHERENT
9557,NOT_COHERENT
9558,NOT_COHERENT
9559,NOT_COHERENT
9560,NOT_COHERENT
9561,NOT_COHERENT
9562,NOT_COHERENT
9563,NOT_COHERENT
9564,NOT_COHERENT
9565,NOT_COHERENT
9566,NOT_COHERENT
9567,NOT_COHERENT
9568,NOT_COHERENT
9569,NOT_COHERENT
9570,NOT_COHERENT
9571,NOT_COHERENT
9572,NOT_COHERENT
9573,NOT_COHERENT
9574,NOT_COHERENT
9575,NOT_COHERENT
9576,NOT_COHERENT
9577,NOT_COHERENT
9578,NOT_COHERENT
9579,NOT_COHERENT
9580,COHERENT
9581,NOT_COHERENT
9582,NOT_COHERENT
9583,NOT_COHERENT
9585,NOT_COHERENT
9586,NOT_COHERENT
9587,NOT_COHERENT
9588,NOT_COHERENT
9589,NOT_COHERENT
9590,NOT_COHERENT
9591,NOT_COHERENT
9592,NOT_COHERENT
9593,NOT_COHERENT
9594,NOT_COHERENT
9595,NOT_COHERENT
9596,NOT_COHERENT
9597,NOT_COHERENT
9599,NOT_COHERENT
9602,NOT_COHERENT
9603,NOT_COHERENT
9604,NOT_COHERENT
9605,NOT_COHERENT
9606,NOT_COHERENT
9607,NOT_COHERENT
9608,NOT_COHERENT
9609,NOT_COHERENT
9610,NOT_COHERENT
9611,NOT_COHERENT
9612,NOT_COHERENT
9613,NOT_COHERENT
9614,NOT_COHERENT
9615,NOT_COHERENT
9616,NOT_COHERENT
9617,NOT_COHERENT
9618,NOT_COHERENT
9619,NOT_COHERENT
9620,NOT_COHERENT
9621,NOT_COHERENT
9622,NOT_COHERENT
9623,NOT_COHERENT
9624,NOT_COHERENT
9625,NOT_COHERENT
9626,COHERENT
9627,NOT_COHERENT
9628,COHERENT
9629,NOT_COHERENT
9630,NOT_COHERENT
9631,NOT_COHERENT
9632,NOT_COHERENT
9633,NOT_COHERENT
9634,NOT_COHERENT
9635,NOT_COHERENT
9636,NOT_COHERENT
9637,NOT_COHERENT
9638,NOT_COHERENT
9639,NOT_COHERENT
9640,NOT_COHERENT
9641,NOT_COHERENT
9642,NOT_COHERENT
9643,NOT_COHERENT
9644,NOT_COHERENT
9645,NOT_COHERENT
9646,NOT_COHERENT
9647,NOT_COHERENT
9648,NOT_COHERENT
9649,NOT_COHERENT
9650,NOT_COHERENT
9651,NOT_COHERENT
9652,NOT_COHERENT
9653,NOT_COHERENT
9654,NOT_COHERENT
9655,NOT_COHERENT
9656,NOT_COHERENT
9657,NOT_COHERENT
9658,NOT_COHERENT
9659,NOT_COHERENT
9660,NOT_COHERENT
9661,NOT_COHERENT
9662,NOT_COHERENT
9663,NOT_COHERENT
9664,NOT_COHERENT
9665,NOT_COHERENT
9666,NOT_COHERENT
9667,NOT_COHERENT
9668,NOT_COHERENT
9669,NOT_COHERENT
9670,NOT_COHERENT
9671,NOT_COHERENT
9672,NOT_COHERENT
9673,NOT_COHERENT
9674,NOT_COHERENT
9675,NOT_COHERENT
9676,NOT_COHERENT
9677,NOT_COHERENT
9678,NOT_COHERENT
9679,NOT_COHERENT
9680,NOT_COHERENT
9681,NOT_COHERENT
9682,NOT_COHERENT
9683,NOT_COHERENT
9684,NOT_COHERENT
9685,NOT_COHERENT
9686,NOT_COHERENT
9687,NOT_COHERENT
9688,NOT_COHERENT
9689,NOT_COHERENT
9690,NOT_COHERENT
9691,NOT_COHERENT
9692,NOT_COHERENT
9693,NOT_COHERENT
9694,NOT_COHERENT
9695,NOT_COHERENT
9696,NOT_COHERENT
9697,NOT_COHERENT
9698,NOT_COHERENT
9699,NOT_COHERENT
9700,NOT_COHERENT
9701,NOT_COHERENT
9702,NOT_COHERENT
9703,NOT_COHERENT
9704,NOT_COHERENT
9705,NOT_COHERENT
9706,NOT_COHERENT
9707,NOT_COHERENT
9708,NOT_COHERENT
9709,NOT_COHERENT
9710,NOT_COHERENT
9711,NOT_COHERENT
9712,NOT_COHERENT
9713,NOT_COHERENT
9714,NOT_COHERENT
9715,NOT_COHERENT
9716,NOT_COHERENT
9717,NOT_COHERENT
9718,NOT_COHERENT
9719,NOT_COHERENT
9721,NOT_COHERENT
9722,NOT_COHERENT
9723,NOT_COHERENT
9724,NOT_COHERENT
9726,NOT_COHERENT
9727,NOT_COHERENT
9728,NOT_COHERENT
9729,NOT_COHERENT
9730,NOT_COHERENT
9731,NOT_COHERENT
9732,NOT_COHERENT
9733,NOT_COHERENT
9734,NOT_COHERENT
9735,NOT_COHERENT
9736,NOT_COHERENT
9737,NOT_COHERENT
9738,NOT_COHERENT
9739,NOT_COHERENT
9740,NOT_COHERENT
9741,NOT_COHERENT
9742,NOT_COHERENT
9743,NOT_COHERENT
9744,NOT_COHERENT
9745,NOT_COHERENT
9746,NOT_COHERENT
9747,NOT_COHERENT
9748,NOT_COHERENT
9749,NOT_COHERENT
9750,NOT_COHERENT
9751,NOT_COHERENT
9752,NOT_COHERENT
9753,NOT_COHERENT
9754,NOT_COHERENT
9755,NOT_COHERENT
9756,NOT_COHERENT
9757,NOT_COHERENT
9759,NOT_COHERENT
9760,NOT_COHERENT
9761,NOT_COHERENT
9762,NOT_COHERENT
9763,NOT_COHERENT
9764,NOT_COHERENT
9765,NOT_COHERENT
9767,NOT_COHERENT
9769,NOT_COHERENT
9770,NOT_COHERENT
9772,NOT_COHERENT
9773,NOT_COHERENT
9774,NOT_COHERENT
9775,NOT_COHERENT
9779,NOT_COHERENT
9780,NOT_COHERENT
9781,COHERENT
9782,NOT_COHERENT
9783,NOT_COHERENT
9784,NOT_COHERENT
9785,NOT_COHERENT
9786,NOT_COHERENT
9787,NOT_COHERENT
9788,NOT_COHERENT
9789,NOT_COHERENT
9792,NOT_COHERENT
9793,NOT_COHERENT
9794,NOT_COHERENT
9795,NOT_COHERENT
9797,NOT_COHERENT
9798,NOT_COHERENT
9799,NOT_COHERENT
9800,NOT_COHERENT
9801,COHERENT
9802,NOT_COHERENT
9803,NOT_COHERENT
9804,NOT_COHERENT
9805,NOT_COHERENT
9806,NOT_COHERENT
9807,NOT_COHERENT
9808,NOT_COHERENT
9809,NOT_COHERENT
9810,NOT_COHERENT
9811,NOT_COHERENT
9812,NOT_COHERENT
9814,NOT_COHERENT
9815,NOT_COHERENT
9816,NOT_COHERENT
9817,NOT_COHERENT
9818,NOT_COHERENT
9819,NOT_COHERENT
9820,NOT_COHERENT
9821,NOT_COHERENT
9822,NOT_COHERENT
9823,NOT_COHERENT
9824,NOT_COHERENT
9825,NOT_COHERENT
9826,NOT_COHERENT
9827,NOT_COHERENT
9828,NOT_COHERENT
9829,NOT_COHERENT
9830,NOT_COHERENT
9831,NOT_COHERENT
9832,NOT_COHERENT
9833,NOT_COHERENT
9834,NOT_COHERENT
9835,NOT_COHERENT
9836,NOT_COHERENT
9837,NOT_COHERENT
9838,NOT_COHERENT
9839,NOT_COHERENT
9840,NOT_COHERENT
9841,NOT_COHERENT
9842,NOT_COHERENT
9843,NOT_COHERENT
9844,NOT_COHERENT
9845,NOT_COHERENT
9846,NOT_COHERENT
9847,NOT_COHERENT
9848,NOT_COHERENT
9849,NOT_COHERENT
9850,NOT_COHERENT
9851,NOT_COHERENT
9852,NOT_COHERENT
9853,NOT_COHERENT
9854,NOT_COHERENT
9855,NOT_COHERENT
9856,NOT_COHERENT
9857,NOT_COHERENT
9858,NOT_COHERENT
9859,NOT_COHERENT
9860,NOT_COHERENT
9861,NOT_COHERENT
9862,NOT_COHERENT
9863,NOT_COHERENT
9864,NOT_COHERENT
9865,NOT_COHERENT
9866,NOT_COHERENT
9867,NOT_COHERENT
9868,NOT_COHERENT
9869,NOT_COHERENT
9870,NOT_COHERENT
9871,NOT_COHERENT
9872,NOT_COHERENT
9873,NOT_COHERENT
9874,NOT_COHERENT
9875,NOT_COHERENT
9876,NOT_COHERENT
9877,NOT_COHERENT
9878,NOT_COHERENT
9879,NOT_COHERENT
9880,NOT_COHERENT
9881,NOT_COHERENT
9882,NOT_COHERENT
9883,NOT_COHERENT
9884,NOT_COHERENT
9885,NOT_COHERENT
9886,NOT_COHERENT
9887,NOT_COHERENT
9888,NOT_COHERENT
9889,NOT_COHERENT
9890,NOT_COHERENT
9891,NOT_COHERENT
9892,NOT_COHERENT
9893,NOT_COHERENT
9894,NOT_COHERENT
9895,NOT_COHERENT
9896,NOT_COHERENT
9897,NOT_COHERENT
9898,NOT_COHERENT
9899,NOT_COHERENT
9900,NOT_COHERENT
9901,NOT_COHERENT
9902,NOT_COHERENT
9903,NOT_COHERENT
9904,NOT_COHERENT
9905,NOT_COHERENT
9906,NOT_COHERENT
9907,NOT_COHERENT
9908,NOT_COHERENT
9909,NOT_COHERENT
9910,NOT_COHERENT
9911,NOT_COHERENT
9912,NOT_COHERENT
9913,NOT_COHERENT
9914,NOT_COHERENT
9915,NOT_COHERENT
9916,NOT_COHERENT
9917,NOT_COHERENT
9918,NOT_COHERENT
9919,NOT_COHERENT
9920,NOT_COHERENT
9921,NOT_COHERENT
9922,NOT_COHERENT
9923,NOT_COHERENT
9924,NOT_COHERENT
9925,NOT_COHERENT
9926,NOT_COHERENT
9927,NOT_COHERENT
9928,NOT_COHERENT
9929,NOT_COHERENT
9930,NOT_COHERENT
9931,NOT_COHERENT
9932,NOT_COHERENT
9933,NOT_COHERENT
9934,NOT_COHERENT
9935,NOT_COHERENT
9936,NOT_COHERENT
9937,NOT_COHERENT
9938,NOT_COHERENT
9939,NOT_COHERENT
9940,NOT_COHERENT
9941,NOT_COHERENT
9942,NOT_COHERENT
9943,NOT_COHERENT
9944,NOT_COHERENT
9945,NOT_COHERENT
9946,NOT_COHERENT
9947,NOT_COHERENT
9948,NOT_COHERENT
9949,NOT_COHERENT
9950,NOT_COHERENT
9951,NOT_COHERENT
9952,NOT_COHERENT
9953,NOT_COHERENT
9954,NOT_COHERENT
9955,NOT_COHERENT
9956,NOT_COHERENT
9957,NOT_COHERENT
9958,NOT_COHERENT
9959,NOT_COHERENT
9960,NOT_COHERENT
9961,NOT_COHERENT
9962,NOT_COHERENT
9963,NOT_COHERENT
9964,NOT_COHERENT
9965,NOT_COHERENT
9966,NOT_COHERENT
9967,NOT_COHERENT
9968,NOT_COHERENT
9969,NOT_COHERENT
9970,NOT_COHERENT
9971,NOT_COHERENT
9972,NOT_COHERENT
9973,NOT_COHERENT
9974,NOT_COHERENT
9975,NOT_COHERENT
9976,NOT_COHERENT
9977,NOT_COHERENT
9978,NOT_COHERENT
9979,NOT_COHERENT
9980,NOT_COHERENT
9981,NOT_COHERENT
9982,NOT_COHERENT
9983,NOT_COHERENT
9984,NOT_COHERENT
9986,NOT_COHERENT
9989,NOT_COHERENT
9990,NOT_COHERENT
9991,NOT_COHERENT
9992,NOT_COHERENT
9993,NOT_COHERENT
9994,NOT_COHERENT
9995,NOT_COHERENT
9997,NOT_COHERENT
9998,NOT_COHERENT
9999,NOT_COHERENT
,NOT_COHERENT
,NOT_COHERENT
,NOT_COHERENT
,NOT_COHERENT
,NOT_COHERENT